millis,, a_y, a_z, g_x, g_y, g_z,f
148569,0.88,1.4,-9.79,0.02,0,0.01,0
148578,0.84,1.42,-9.71,0.01,0,0.01,0
148583,0.83,1.41,-9.76,0.01,0,0.01,0
148591,0.83,1.4,-9.82,0.02,0,0.01,0
148596,0.89,1.39,-9.77,0.01,0,0.01,0
148600,0.85,1.37,-9.75,0.02,0,0.01,0
148606,0.89,1.37,-9.81,0.01,0,0.01,0
148612,0.84,1.31,-9.76,0.01,0,0.01,0
148617,0.79,1.37,-9.8,0.01,0,0.01,0
148621,0.87,1.41,-9.76,0.01,0,0.01,0
148626,0.91,1.36,-9.76,0.01,0,0.01,0
148630,0.89,1.45,-9.75,0.01,0,0.01,0
148635,0.83,1.33,-9.76,0.01,0,0.01,0
148639,0.89,1.43,-9.73,0.01,0,0.01,0
148644,0.89,1.35,-9.78,0.01,0,0.01,0
148649,0.82,1.43,-9.74,0.01,-0.01,0.01,0
148653,0.85,1.4,-9.74,0.01,0,0.01,0
148658,0.84,1.35,-9.74,0.01,0,0.01,0
148662,0.96,1.39,-9.78,0.01,0,0.01,0
148667,0.93,1.39,-9.8,0.01,0,0.01,0
148671,0.87,1.44,-9.76,0.01,0,0.01,0
148676,0.83,1.35,-9.77,0.01,0,0.01,0
148690,0.84,1.38,-9.87,0.01,0,0.01,0
148694,0.88,1.34,-9.75,0.01,0,0.01,0
148823,0.85,1.38,-9.77,0.01,-0.01,0.01,0
148828,0.78,1.36,-9.73,0.01,-0.01,0.01,0
148832,0.91,1.34,-9.77,0.01,-0.01,0.01,0
148837,0.88,1.39,-9.84,0.01,-0.01,0.01,0
148841,0.88,1.35,-9.8,0.01,-0.01,0.01,0
148846,0.88,1.43,-9.76,0.01,-0.01,0.01,0
148980,0.88,1.45,-9.79,0.01,-0.01,0.01,0
148985,0.94,1.44,-9.82,0.01,-0.01,0,0
148989,0.8,1.43,-9.65,0.01,-0.01,0.01,0
148994,0.83,1.41,-9.74,0.01,-0.01,0.01,0
148998,0.87,1.35,-9.69,0,-0.01,0,0
149014,0.85,1.34,-9.78,0.01,-0.01,0.01,0
149018,0.83,1.43,-9.77,0,-0.01,0.01,0
149172,0.88,1.45,-9.72,0,-0.01,0,0
149177,0.88,1.39,-9.82,0,-0.01,0,0
149181,0.8,1.4,-9.83,0,-0.01,0,0
149186,0.86,1.31,-9.76,0.01,-0.01,0,0
149190,0.88,1.37,-9.76,0,-0.01,0,0
149195,0.88,1.27,-9.71,0,-0.01,0,0
149199,0.92,1.38,-9.79,0,-0.01,0,0
149337,0.88,1.41,-9.76,0,-0.01,0,0
149342,0.83,1.29,-9.79,0,-0.01,0,0
149346,0.86,1.39,-9.82,0,-0.01,0,0
149351,0.81,1.39,-9.77,0,-0.01,0,0
149355,0.88,1.38,-9.72,0.01,-0.01,0,0
149360,0.86,1.31,-9.77,0,-0.01,0,0
149389,0.86,1.45,-9.75,0,-0.01,0,0
149394,0.9,1.41,-9.78,0,-0.01,0,0
149403,0.81,1.28,-9.75,0,-0.01,0,0
149415,0.82,1.39,-9.79,0,-0.01,0,0
149420,0.88,1.43,-9.8,0,-0.01,0,0
149424,0.85,1.39,-9.77,0.01,-0.01,0,0
149429,0.91,1.4,-9.84,0,-0.01,0,0
149434,0.88,1.32,-9.71,0.01,-0.01,0,0
149438,0.85,1.39,-9.79,0,-0.01,0,0
149443,0.82,1.4,-9.77,0,-0.02,0,0
149448,0.8,1.31,-9.71,0,-0.01,0,0
149452,0.86,1.37,-9.7,0,-0.01,-0.01,0
149471,0.86,1.28,-9.71,0.01,-0.01,-0.01,0
149476,0.85,1.38,-9.78,0,-0.01,0,0
149655,0.85,1.36,-9.71,0.01,-0.02,-0.01,0
149660,0.82,1.3,-9.77,0.01,-0.01,-0.01,0
149664,0.86,1.35,-9.81,0.01,-0.02,-0.01,0
149669,0.88,1.4,-9.71,0.01,-0.02,-0.01,0
149674,0.86,1.33,-9.86,0.01,-0.01,-0.01,0
149680,0.92,1.38,-9.77,0.01,-0.01,-0.01,0
149718,0.89,1.32,-9.75,0.01,-0.01,-0.01,0
149722,0.92,1.39,-9.8,0.01,-0.01,-0.01,0
149810,0.9,1.35,-9.78,0.01,-0.01,-0.01,0
149815,0.78,1.41,-9.72,0.01,-0.02,-0.01,0
149820,0.87,1.34,-9.78,0.01,-0.02,-0.01,0
149826,0.84,1.43,-9.71,0.01,-0.01,-0.01,0
149831,0.85,1.37,-9.8,0.01,-0.01,-0.01,0
149836,0.84,1.35,-9.72,0.01,-0.01,-0.01,0
149845,0.83,1.43,-9.75,0.01,-0.01,-0.01,0
149850,0.8,1.28,-9.79,0.01,-0.01,-0.01,0
149855,0.85,1.39,-9.77,0.01,-0.01,-0.01,0
149862,0.95,1.34,-9.8,0.01,-0.01,-0.01,0
149867,0.83,1.38,-9.78,0.01,-0.01,-0.01,0
149872,0.8,1.38,-9.78,0.01,-0.01,-0.01,0
149877,0.87,1.3,-9.8,0.01,-0.01,-0.01,0
149884,0.85,1.38,-9.74,0.01,-0.01,-0.01,0
149889,0.91,1.42,-9.77,0.01,-0.02,-0.01,0
149894,0.83,1.37,-9.82,0.01,-0.01,-0.01,0
149899,0.91,1.34,-9.73,0.01,-0.01,-0.01,0
149905,0.9,1.37,-9.79,0.01,-0.01,-0.01,0
149912,0.89,1.33,-9.87,0.01,-0.01,-0.01,0
149917,0.89,1.35,-9.81,0.01,-0.01,-0.01,0
149922,0.95,1.31,-9.76,0.01,-0.01,-0.01,0
149927,0.91,1.43,-9.76,0.01,-0.01,-0.01,0
149932,0.91,1.35,-9.74,0.01,-0.01,-0.01,0
149937,0.9,1.43,-9.78,0.01,-0.01,-0.01,0
149942,0.86,1.44,-9.78,0.01,-0.01,-0.01,0
149947,0.8,1.39,-9.81,0.01,-0.01,-0.01,0
149953,0.88,1.32,-9.72,0.01,-0.01,-0.01,0
149960,0.84,1.4,-9.68,0.01,-0.01,-0.01,0
149966,0.84,1.34,-9.75,0.01,-0.01,-0.01,0
149971,0.91,1.34,-9.76,0.02,-0.01,-0.01,0
149975,0.85,1.36,-9.88,0.01,-0.01,-0.01,0
149980,0.92,1.32,-9.76,0.01,-0.01,-0.01,0
149985,0.82,1.33,-9.7,0.01,-0.01,-0.01,0
149989,0.83,1.35,-9.68,0.02,-0.01,-0.01,0
149995,0.82,1.38,-9.74,0.02,-0.01,-0.01,0
150000,0.82,1.31,-9.76,0.02,-0.01,-0.01,0
150005,0.88,1.4,-9.81,0.02,-0.01,-0.01,0
150010,0.89,1.31,-9.74,0.01,-0.01,-0.01,0
150014,0.88,1.36,-9.73,0.02,-0.01,-0.01,0
150021,0.83,1.34,-9.75,0.01,-0.01,-0.01,0
150027,0.9,1.37,-9.72,0.02,-0.01,-0.01,0
150031,0.85,1.29,-9.72,0.01,-0.01,-0.01,0
150036,0.85,1.4,-9.76,0.02,-0.01,-0.01,0
150041,0.91,1.4,-9.72,0.02,-0.01,-0.01,0
150046,0.93,1.37,-9.76,0.02,-0.01,-0.01,0
150052,0.9,1.34,-9.75,0.02,-0.01,-0.01,0
150059,0.91,1.33,-9.81,0.02,-0.01,-0.01,0
150063,0.87,1.35,-9.81,0.02,-0.01,-0.01,0
150068,0.85,1.44,-9.73,0.02,-0.01,-0.01,0
150075,0.87,1.38,-9.77,0.02,-0.01,-0.01,0
150080,0.89,1.37,-9.8,0.01,-0.01,-0.01,0
150085,0.94,1.4,-9.8,0.01,-0.01,-0.01,0
150090,0.84,1.39,-9.76,0.02,-0.01,-0.01,0
150096,0.88,1.37,-9.79,0.02,-0.01,-0.01,0
150101,0.9,1.41,-9.82,0.02,-0.01,-0.01,0
150105,0.88,1.28,-9.81,0.02,-0.01,-0.01,0
150110,0.96,1.33,-9.82,0.02,-0.01,-0.01,0
150114,0.86,1.23,-9.78,0.02,-0.01,-0.01,0
150119,0.83,1.38,-9.66,0.02,-0.01,-0.01,0
150123,0.87,1.36,-9.77,0.02,-0.01,-0.01,0
150127,0.91,1.35,-9.78,0.02,-0.01,-0.01,0
150132,0.86,1.39,-9.76,0.02,-0.01,-0.01,0
150137,0.88,1.41,-9.81,0.02,-0.01,-0.01,0
150141,0.9,1.45,-9.72,0.02,-0.01,-0.01,0
150146,0.82,1.37,-9.84,0.02,-0.01,-0.01,0
150151,0.87,1.32,-9.83,0.02,-0.01,-0.01,0
150209,0.88,1.35,-9.75,0.02,-0.01,-0.01,0
150218,0.85,1.35,-9.79,0.02,-0.01,-0.01,0
150226,0.87,1.42,-9.77,0.02,-0.01,-0.01,0
150231,0.88,1.38,-9.73,0.02,-0.01,-0.01,0
150237,0.86,1.36,-9.74,0.02,-0.01,-0.01,0
150242,0.91,1.36,-9.91,0.02,-0.01,0,0
150247,0.88,1.39,-9.78,0.02,-0.01,-0.01,0
150252,0.94,1.34,-9.84,0.02,-0.01,-0.01,0
150258,0.9,1.34,-9.8,0.02,-0.01,-0.01,0
150262,0.83,1.41,-9.8,0.02,-0.01,-0.01,0
150267,0.92,1.39,-9.77,0.02,-0.01,-0.01,0
150272,0.88,1.42,-9.78,0.02,-0.01,-0.01,0
150281,0.89,1.33,-9.77,0.02,-0.01,-0.01,0
150287,0.89,1.31,-9.77,0.02,-0.01,-0.01,0
150293,0.84,1.35,-9.76,0.02,-0.01,-0.01,0
150298,0.86,1.42,-9.81,0.02,-0.01,-0.01,0
150304,0.9,1.42,-9.76,0.02,-0.01,-0.01,0
150308,0.93,1.37,-9.77,0.02,-0.01,-0.01,0
150313,0.82,1.35,-9.83,0.02,-0.01,-0.01,0
150318,0.85,1.4,-9.84,0.02,-0.01,-0.01,0
150323,0.82,1.45,-9.76,0.02,-0.01,-0.01,0
150329,0.79,1.43,-9.85,0.02,-0.01,0,0
150334,0.85,1.39,-9.84,0.02,-0.01,0,0
150339,0.92,1.35,-9.73,0.02,-0.01,0,0
150345,0.89,1.35,-9.77,0.02,-0.01,-0.01,0
150351,0.8,1.32,-9.76,0.02,-0.01,0,0
150357,0.87,1.38,-9.73,0.02,-0.01,0,0
150361,0.9,1.33,-9.75,0.02,-0.01,0,0
150367,0.82,1.39,-9.79,0.02,-0.01,-0.01,0
150372,0.89,1.41,-9.73,0.02,-0.01,0,0
150377,0.87,1.34,-9.74,0.02,-0.01,-0.01,0
150385,0.87,1.37,-9.75,0.02,-0.01,0,0
150391,0.79,1.28,-9.81,0.03,-0.01,0,0
150396,0.9,1.31,-9.83,0.02,-0.01,0,0
150401,0.88,1.38,-9.8,0.02,-0.01,0,0
150406,0.9,1.35,-9.84,0.02,0,0,0
150411,0.87,1.46,-9.74,0.02,-0.01,0,0
150416,0.84,1.4,-9.82,0.02,-0.01,0,0
150420,0.91,1.36,-9.78,0.02,0,-0.01,0
150425,0.94,1.31,-9.75,0.02,-0.01,0,0
150429,0.86,1.34,-9.76,0.02,-0.01,0,0
150434,0.89,1.35,-9.75,0.02,0,0,0
150439,0.89,1.46,-9.83,0.02,0,0,0
150443,0.86,1.35,-9.8,0.03,0,0,0
150448,0.85,1.42,-9.76,0.02,-0.01,0,0
150453,0.82,1.36,-9.82,0.03,0,0,0
150457,0.92,1.44,-9.83,0.03,-0.01,0,0
150462,0.9,1.34,-9.75,0.02,-0.01,0,0
150467,0.84,1.35,-9.77,0.02,0,0,0
150488,0.83,1.3,-9.73,0.03,0,0,0
150492,0.9,1.36,-9.83,0.02,-0.01,0,0
150514,0.86,1.38,-9.76,0.02,0,0,0
150519,0.9,1.35,-9.75,0.02,-0.01,0,0
150546,0.86,1.32,-9.85,0.03,-0.01,0,0
150550,0.82,1.39,-9.78,0.03,0,0,0
150556,0.81,1.35,-9.79,0.03,0,0,0
150560,0.87,1.38,-9.81,0.03,0,0,0
150565,0.83,1.34,-9.79,0.03,0,0,0
150570,0.84,1.35,-9.82,0.03,0,0,0
150574,0.89,1.32,-9.78,0.03,0,0,0
150579,0.88,1.37,-9.8,0.02,0,0,0
150584,0.87,1.45,-9.83,0.02,0,0,0
150589,0.89,1.29,-9.84,0.03,0,0,0
150594,0.85,1.34,-9.83,0.02,0,0,0
150600,0.85,1.32,-9.76,0.03,-0.01,0,0
150605,0.87,1.33,-9.76,0.02,0,0,0
150610,0.9,1.34,-9.8,0.02,0,0,0
150614,0.85,1.35,-9.78,0.03,0,0,0
150620,0.9,1.37,-9.76,0.03,0,0,0
150624,0.87,1.28,-9.73,0.03,0,0,0
150630,0.87,1.34,-9.79,0.03,0,0,0
150635,0.84,1.27,-9.81,0.03,0,0,0
150640,0.79,1.37,-9.86,0.03,0,0,0
150644,0.92,1.44,-9.73,0.02,0,0,0
150649,0.91,1.38,-9.8,0.02,0,0,0
150654,0.89,1.36,-9.69,0.02,0,0,0
150659,0.82,1.34,-9.69,0.02,0,0,0
150665,0.84,1.4,-9.72,0.02,0,0,0
150670,0.86,1.37,-9.71,0.02,0,0,0
150674,0.89,1.32,-9.74,0.02,0,0,0
150682,0.91,1.4,-9.78,0.02,0,0,0
150687,0.85,1.4,-9.75,0.03,0,0,0
150693,0.82,1.36,-9.71,0.03,0,0,0
150697,0.84,1.43,-9.76,0.02,0,0,0
150703,0.84,1.41,-9.75,0.02,0,0,0
150707,0.88,1.43,-9.8,0.02,0,0,0
150712,0.85,1.42,-9.74,0.03,0,0,0
150717,0.85,1.36,-9.76,0.03,0,0,0
150721,0.88,1.41,-9.77,0.03,0,0,0
150727,0.82,1.32,-9.76,0.02,0,0,0
150731,0.87,1.4,-9.84,0.03,0,0,0
150736,0.9,1.4,-9.73,0.02,0,0,0
150740,0.83,1.42,-9.71,0.02,0,0,0
150745,0.88,1.41,-9.72,0.03,0,0,0
150749,0.77,1.41,-9.83,0.03,0,0,0
150754,0.86,1.4,-9.75,0.03,0,0,0
150758,0.77,1.39,-9.82,0.02,0,0,0
150763,0.89,1.37,-9.76,0.02,0,0,0
150768,0.79,1.4,-9.81,0.02,0,0,0
150772,0.82,1.37,-9.75,0.02,0,0,0
150777,0.82,1.33,-9.76,0.02,0,0,0
150782,0.85,1.33,-9.79,0.03,0,0,0
150787,0.84,1.36,-9.72,0.03,0,0,0
150791,0.79,1.4,-9.77,0.02,0,0,0
150796,0.91,1.45,-9.79,0.03,0,0,0
150801,0.89,1.41,-9.71,0.03,0,0.01,0
150805,0.89,1.32,-9.78,0.02,0,0,0
150810,0.83,1.5,-9.78,0.02,0,0,0
150815,0.89,1.38,-9.75,0.03,0,0,0
150820,0.85,1.39,-9.73,0.02,0,0,0
150825,0.86,1.42,-9.75,0.02,0,0,0
150829,0.84,1.38,-9.75,0.02,0,0.01,0
150834,0.84,1.24,-9.79,0.03,0,0.01,0
150838,0.86,1.31,-9.8,0.03,0,0.01,0
150843,0.85,1.39,-9.73,0.02,0,0,0
150847,0.91,1.4,-9.74,0.03,0,0.01,0
150852,0.79,1.35,-9.74,0.02,0,0.01,3641
150856,0.86,1.39,-9.77,0.03,0,0.01,3885
150861,0.91,1.39,-9.77,0.03,0,0,4095
150865,0.88,1.36,-9.84,0.02,0,0.01,4095
150876,0.86,1.3,-9.76,0.03,0,0.01,4095
150881,0.82,1.39,-9.72,0.02,0,0.01,4095
150886,0.89,1.36,-9.82,0.02,0,0.01,4095
150892,0.88,1.3,-9.74,0.02,0,0.01,4095
150896,0.8,1.37,-9.72,0.02,0,0,4095
150902,0.81,1.43,-9.73,0.02,0,0.01,4095
150906,0.91,1.34,-9.79,0.02,0,0.01,4095
150911,0.92,1.39,-9.72,0.02,0,0.01,4095
150916,0.87,1.38,-9.77,0.02,0,0,4095
150921,0.86,1.31,-9.78,0.02,0,0.01,4095
150925,0.84,1.36,-9.73,0.02,0,0.01,4095
150930,0.92,1.34,-9.77,0.02,0,0.01,4093
150935,0.89,1.4,-9.76,0.02,0,0.01,3959
150940,0.95,1.34,-9.77,0.02,0,0.01,3913
150945,0.86,1.46,-9.71,0.02,0,0.01,3762
150950,0.8,1.38,-9.83,0.02,0,0.01,3643
150955,0.86,1.39,-9.73,0.02,0,0.01,3494
150959,0.87,1.43,-9.78,0.02,0,0.01,3312
150964,0.9,1.33,-9.74,0.02,0,0.01,3104
150968,0.89,1.4,-9.77,0.02,0,0.01,2608
150973,0.84,1.38,-9.71,0.02,0,0.01,1783
150978,0.85,1.29,-9.77,0.02,0,0.01,1211
150982,0.92,1.35,-9.74,0.02,0,0.01,987
150987,0.81,1.33,-9.75,0.02,0,0.01,695
150991,0.79,1.39,-9.75,0.02,0,0.01,485
150996,0.84,1.35,-9.77,0.02,0,0.01,679
151000,0.91,1.37,-9.78,0.02,0,0.01,781
151004,0.91,1.41,-9.67,0.02,0,0.01,941
151048,0.83,1.38,-9.75,0.02,0,0.01,815
151053,0.92,1.31,-9.72,0.02,0,0.01,560
151058,0.89,1.37,-9.85,0.02,0,0.01,624
151062,0.87,1.39,-9.73,0.02,0,0.01,221
151068,0.87,1.45,-9.8,0.02,0,0.01,167
151072,0.9,1.43,-9.77,0.02,0,0.01,190
151078,0.82,1.44,-9.8,0.02,0,0.01,114
151082,0.85,1.36,-9.82,0.02,0,0.01,0
151090,0.88,1.35,-9.75,0.02,0,0.01,0
151094,0.78,1.34,-9.73,0.02,0,0.01,0
151099,0.84,1.32,-9.75,0.02,0,0.01,0
151103,0.87,1.43,-9.73,0.02,0,0.01,0
151108,0.88,1.37,-9.79,0.02,0,0.01,0
151113,0.9,1.42,-9.79,0.02,0,0.01,0
151118,0.92,1.4,-9.79,0.02,0,0.01,0
151123,0.88,1.41,-9.82,0.02,0,0.01,0
151127,0.94,1.45,-9.7,0.02,0,0.01,0
151133,0.91,1.3,-9.8,0.02,0,0.01,0
151138,0.93,1.38,-9.81,0.02,0,0.01,0
151143,0.86,1.38,-9.8,0.02,0,0.01,0
151147,0.86,1.39,-9.74,0.02,0,0.01,0
151153,0.92,1.36,-9.77,0.02,0,0.01,0
151158,0.84,1.43,-9.78,0.02,0,0.01,0
151163,0.84,1.43,-9.79,0.02,0,0.01,0
151169,0.78,1.42,-9.71,0.02,0,0.01,0
151174,0.78,1.46,-9.8,0.02,0,0.01,0
151178,0.85,1.42,-9.8,0.02,0,0.01,0
151183,0.87,1.43,-9.72,0.02,0,0.01,0
151187,0.87,1.34,-9.79,0.02,0,0.01,0
151192,0.86,1.3,-9.76,0.02,0,0.01,0
151196,0.85,1.37,-9.77,0.02,0,0.01,0
151201,0.87,1.44,-9.71,0.02,0,0.01,0
151206,0.87,1.44,-9.75,0.02,0,0.01,0
151211,0.89,1.37,-9.8,0.02,0,0.01,0
151215,0.89,1.39,-9.76,0.02,0,0.01,0
151220,0.96,1.39,-9.8,0.02,0,0.01,0
151225,0.89,1.35,-9.76,0.02,0,0.01,0
151229,0.85,1.37,-9.69,0.02,0,0.01,0
151234,0.87,1.39,-9.76,0.02,0,0.01,0
151238,0.83,1.45,-9.74,0.02,0,0.01,0
151243,0.85,1.41,-9.74,0.02,0,0.01,0
151247,0.95,1.31,-9.77,0.02,0,0.01,0
151252,0.83,1.43,-9.75,0.02,0,0.01,0
151256,0.93,1.37,-9.77,0.02,0,0.01,0
151261,0.84,1.46,-9.75,0.02,0,0.01,0
151266,0.87,1.45,-9.81,0.02,0,0.01,0
151271,0.8,1.45,-9.83,0.02,0,0.01,0
151275,0.9,1.39,-9.74,0.01,0,0.01,0
151281,0.91,1.45,-9.77,0.02,0,0.01,0
151285,0.93,1.35,-9.8,0.02,0,0.01,0
151290,0.83,1.39,-9.71,0.01,0,0.01,0
151295,0.82,1.35,-9.81,0.02,0,0.01,0
151300,0.93,1.45,-9.71,0.01,0,0.01,0
151305,0.83,1.29,-9.81,0.01,0,0.01,0
151310,0.86,1.35,-9.75,0.01,0,0.01,0
151315,0.84,1.42,-9.79,0.02,0,0.01,0
151319,0.78,1.38,-9.76,0.02,0,0.01,0
151324,0.86,1.39,-9.76,0.01,0,0.01,0
151328,0.91,1.43,-9.75,0.02,0,0.01,0
151333,0.86,1.35,-9.8,0.02,0,0.01,0
151339,0.94,1.42,-9.74,0.01,0,0.01,0
151344,0.87,1.43,-9.78,0.01,0,0.01,0
151350,0.92,1.4,-9.74,0.01,0,0.01,0
151355,0.84,1.38,-9.83,0.01,0,0.01,0
151359,0.9,1.42,-9.77,0.01,0,0.01,0
151364,0.85,1.41,-9.74,0.01,0,0.01,0
151369,0.87,1.51,-9.78,0.02,0,0.01,0
151374,0.87,1.39,-9.79,0.01,0,0.01,0
151379,0.86,1.35,-9.8,0.01,0,0.01,0
151383,0.82,1.42,-9.8,0.01,0,0.01,0
151388,0.89,1.39,-9.81,0.01,0,0.01,0
151392,0.83,1.35,-9.76,0.01,0,0.01,0
151397,0.93,1.38,-9.72,0.01,0,0.01,0
151401,0.83,1.37,-9.77,0.01,0,0.01,0
151415,0.91,1.43,-9.73,0.01,0,0.01,0
151464,0.84,1.38,-9.79,0.01,-0.01,0.01,0
151469,0.9,1.45,-9.75,0.01,0,0.01,0
151474,0.93,1.38,-9.82,0.01,0,0.01,0
151479,0.93,1.39,-9.72,0.01,0,0.01,0
151484,0.87,1.42,-9.74,0.01,-0.01,0.01,0
151489,0.92,1.44,-9.82,0.01,-0.01,0.01,0
151494,0.9,1.42,-9.77,0.01,0,0.01,0
151499,0.88,1.38,-9.78,0.01,0,0.01,0
151504,0.79,1.4,-9.76,0.01,-0.01,0.01,0
151508,0.86,1.43,-9.79,0.01,0,0.01,0
151513,0.88,1.41,-9.7,0.01,-0.01,0.01,0
151518,0.9,1.48,-9.75,0.01,0,0.01,0
151523,0.87,1.45,-9.73,0.01,0,0.01,0
151527,0.88,1.45,-9.73,0.01,0,0.01,0
151532,0.91,1.39,-9.77,0.01,0,0.01,0
151537,2.03,2.39,-9.81,0.01,0,0.01,0
151542,14.06,13.95,-13.74,-0.27,0.16,-0.26,0
151549,15.79,39.78,-17.54,-2.31,2.72,-0.43,0
151554,13.11,31.44,4.6,-1.92,3.6,-0.6,0
151559,-14.39,14.71,20.9,0.19,2.62,-0.8,0
151563,-6.81,20.26,3.06,0.48,-1.11,-0.09,0
151568,4.91,19.13,-8.16,-1.08,-2.59,0.86,0
151572,9.66,10.81,-10.55,-0.77,-2.33,1.13,0
151577,6.7,-1.73,-15.31,1.14,-2.09,0.47,0
151582,9.58,-13.24,-36.34,1.71,-0.18,-0.32,0
151586,-0.79,0.06,-8.1,0.17,0.05,0.26,0
151634,0.57,-0.74,-8.6,-0.42,0.08,0.41,0
151639,0.24,-2.71,-9.23,-0.31,0.01,0.42,0
151644,-0.67,-3.96,-9.17,-0.34,0.07,0.4,0
151649,-1.64,-4.06,-8.48,-0.37,0.11,0.4,0
151654,-2.07,-4.15,-8.14,-0.35,0.08,0.41,0
151659,-2.43,-3.96,-8.81,-0.28,0.04,0.41,0
151663,-2.34,-3.48,-9.04,-0.25,0.02,0.43,0
151668,-1.93,-3.1,-9.45,-0.25,0.03,0.42,0
151677,-1.05,-2.8,-9.77,-0.18,0.04,0.4,0
151682,-0.87,-2.56,-10.2,-0.13,0,0.41,0
151689,-0.91,-2.11,-10.55,-0.08,-0.04,0.43,0
151701,-0.43,-0.74,-10.29,-0.05,-0.07,0.43,0
151708,0.2,0.41,-9.56,-0.04,-0.08,0.44,0
151712,0.5,0.94,-8.86,-0.02,-0.08,0.43,0
151717,0.79,0.79,-8.02,0,-0.09,0.43,0
151722,0.91,0.06,-8.09,0.03,-0.1,0.43,0
151728,0.67,-0.82,-7.51,0.05,-0.09,0.42,0
151733,0.82,-0.81,-7.7,0.08,-0.1,0.41,0
151738,0.3,-0.68,-7.95,0.07,-0.1,0.42,0
151742,-0.03,-0.79,-8.38,0.09,-0.11,0.42,0
151747,-0.32,-0.91,-8.57,0.12,-0.12,0.42,0
151752,-0.43,-0.86,-9.49,0.13,-0.12,0.41,0
151757,-0.55,-0.76,-9.94,0.13,-0.12,0.42,0
151761,-0.46,-0.82,-10.44,0.16,-0.13,0.42,0
151767,-0.44,-0.74,-11.5,0.18,-0.15,0.42,0
151771,-0.22,-0.64,-11.78,0.2,-0.15,0.41,0
151777,0.16,0.03,-12.27,0.21,-0.15,0.4,0
151781,0.67,0.77,-12.57,0.19,-0.14,0.4,0
151787,1.15,1.19,-12.04,0.19,-0.14,0.39,0
151792,1.36,1.21,-11.97,0.24,-0.16,0.38,0
151796,1.44,1.48,-11.9,0.25,-0.17,0.39,0
151801,1.38,1.67,-11.78,0.24,-0.17,0.4,0
151806,1.19,1.64,-10.96,0.23,-0.17,0.39,0
151810,1.19,1.82,-10.99,0.24,-0.17,0.38,0
151815,0.94,1.57,-10.33,0.24,-0.18,0.39,0
151821,0.84,1.76,-9.86,0.25,-0.18,0.38,0
151826,0.95,2.02,-9.68,0.23,-0.18,0.38,0
151831,0.97,2.35,-9.51,0.21,-0.17,0.38,0
151835,1.15,2.53,-9.09,0.21,-0.16,0.37,0
151840,1.3,2.52,-9.07,0.21,-0.15,0.35,0
151846,1.52,2.34,-9.35,0.2,-0.15,0.35,0
151850,1.78,2.4,-9.44,0.19,-0.14,0.35,0
151855,1.82,2.72,-9.43,0.17,-0.13,0.34,0
151859,2.16,3.05,-9.8,0.14,-0.1,0.34,0
151864,2.3,3.38,-9.66,0.11,-0.08,0.33,0
151869,2.29,3.62,-9.44,0.11,-0.09,0.33,0
151875,2.23,3.95,-9.94,0.1,-0.1,0.33,0
151880,2.22,3.98,-10.01,0.07,-0.08,0.33,0
151884,2.27,4.15,-9.95,0.04,-0.05,0.32,0
151890,2.42,4.37,-9.72,0.01,-0.04,0.31,0
151895,2.49,4.78,-9.74,-0.01,-0.03,0.3,0
151899,2.58,4.9,-9.56,-0.04,-0.02,0.3,0
151904,2.55,4.85,-9.25,-0.07,0,0.29,0
151909,2.56,4.8,-9.06,-0.09,0.01,0.29,0
151914,2.45,4.58,-9.13,-0.12,0.02,0.28,0
151918,2.44,4.44,-8.93,-0.14,0.03,0.28,0
151923,2.28,4.42,-8.8,-0.17,0.05,0.27,0
151927,2.13,4.16,-8.82,-0.19,0.06,0.27,0
151932,1.99,3.85,-8.63,-0.22,0.07,0.26,0
151937,1.99,3.62,-8.45,-0.24,0.08,0.25,0
151942,1.83,3.44,-8.72,-0.26,0.09,0.25,0
151946,1.8,3.24,-8.56,-0.27,0.1,0.25,0
151950,1.87,3.02,-8.6,-0.28,0.1,0.24,0
151955,1.95,3.01,-9.04,-0.29,0.11,0.24,0
151959,1.96,3.09,-9.15,-0.32,0.13,0.23,0
151964,1.85,2.97,-9.3,-0.34,0.14,0.23,0
151968,1.85,3,-9.48,-0.35,0.15,0.23,0
151976,1.98,3.05,-10.01,-0.37,0.17,0.22,0
151981,1.92,2.93,-10.12,-0.39,0.18,0.22,0
151985,1.9,2.97,-10.57,-0.4,0.19,0.22,0
151990,1.86,2.85,-10.66,-0.4,0.19,0.21,0
151995,1.75,2.43,-11.02,-0.41,0.2,0.21,0
151999,1.71,2.2,-11.11,-0.41,0.2,0.21,0
152004,1.47,1.9,-11.04,-0.42,0.21,0.21,0
152009,1.37,1.77,-11.16,-0.43,0.21,0.21,0
152014,0.99,1.61,-10.9,-0.43,0.22,0.21,0
152019,0.67,1.22,-10.7,-0.42,0.2,0.21,0
152024,0.6,0.98,-10.85,-0.41,0.2,0.21,0
152028,0.39,0.79,-10.51,-0.41,0.21,0.2,0
152032,0.45,0.54,-10.27,-0.42,0.21,0.2,0
152037,0.22,0.56,-10.2,-0.41,0.21,0.2,0
152075,-0.33,0.15,-10.33,-0.33,0.15,0.21,0
152081,-0.15,-0.07,-10.22,-0.32,0.16,0.21,0
152086,-0.29,-0.51,-10.38,-0.29,0.12,0.22,0
152091,-0.28,-0.61,-10.52,-0.26,0.11,0.22,0
152097,-0.28,-0.6,-10.41,-0.25,0.11,0.23,0
152101,-0.65,-0.96,-9.79,-0.25,0.1,0.23,0
152107,-0.67,-0.95,-9.99,-0.2,0.06,0.24,0
152111,-0.69,-1.12,-9.88,-0.19,0.06,0.25,0
152116,-0.51,-1.65,-9.5,-0.17,0.06,0.25,0
152121,-0.7,-1.16,-9.37,-0.15,0.04,0.24,0
152127,-0.64,-0.5,-9.04,-0.14,0.02,0.26,0
152131,-0.21,-1.13,-8.84,-0.12,0.02,0.27,0
152137,0.16,-1.15,-8.78,-0.1,0.05,0.24,0
152141,0.36,-0.67,-8.6,-0.08,0.02,0.26,0
152147,-0.13,-0.85,-8.71,-0.05,-0.03,0.28,0
152151,-0.7,-1,-8.75,-0.03,-0.04,0.27,0
152157,-1.22,-0.75,-9.56,0,-0.05,0.26,0
152162,-1.25,-1.23,-9.11,0.01,-0.04,0.27,0
152167,-0.94,-1.45,-9.58,0.03,-0.06,0.27,0
152171,-0.62,-0.76,-9.82,0.05,-0.06,0.27,0
152177,-0.69,-0.11,-9.69,0.05,-0.08,0.27,0
152181,-0.87,-0.12,-10.04,0.07,-0.11,0.27,0
152186,-0.88,-0.46,-10.4,0.1,-0.12,0.27,0
152191,-0.67,-1.07,-10.13,0.1,-0.11,0.27,0
152196,-0.48,-1.36,-10.26,0.14,-0.13,0.27,0
152201,-0.51,-1.19,-10.05,0.16,-0.14,0.26,0
152205,-0.51,-1,-10.34,0.18,-0.18,0.27,0
152211,-0.68,-0.8,-10.01,0.2,-0.18,0.27,0
152215,-0.51,-0.08,-10.18,0.21,-0.19,0.27,0
152220,-0.38,0.05,-9.94,0.21,-0.21,0.29,0
152224,-0.12,0.25,-9.95,0.22,-0.21,0.27,0
152229,0.18,0.27,-9.8,0.24,-0.2,0.26,0
152234,0.46,0.51,-9.87,0.25,-0.21,0.26,0
152239,0.58,0.75,-9.88,0.25,-0.21,0.26,0
152243,0.63,1.01,-9.9,0.25,-0.22,0.27,0
152248,0.61,1.33,-9.89,0.25,-0.23,0.27,0
152253,0.89,1.59,-9.99,0.25,-0.23,0.26,0
152258,0.77,1.61,-9.74,0.26,-0.23,0.26,0
152262,0.95,1.79,-10.2,0.26,-0.23,0.25,0
152267,1,1.85,-10.18,0.25,-0.22,0.25,0
152272,1.13,2.04,-10.22,0.24,-0.22,0.25,0
152276,1.34,2.19,-10.3,0.24,-0.22,0.24,0
152281,1.59,2.28,-10.2,0.23,-0.21,0.24,0
152285,1.67,2.39,-10.23,0.22,-0.2,0.23,0
152290,1.75,2.23,-10.13,0.22,-0.2,0.23,0
152294,1.76,2,-10.1,0.22,-0.21,0.23,0
152299,1.69,2.14,-9.96,0.22,-0.21,0.23,0
152303,1.85,2.49,-10.28,0.21,-0.2,0.22,0
152307,1.89,2.54,-9.72,0.19,-0.17,0.22,0
152312,1.88,2.71,-9.38,0.18,-0.17,0.22,0
152316,1.97,3.06,-9.8,0.17,-0.17,0.22,0
152320,1.99,2.97,-9.22,0.15,-0.15,0.22,0
152417,1.63,2.39,-9.77,-0.08,0.02,0.13,0
152421,1.46,2.33,-9.63,-0.1,0.03,0.12,0
152426,1.45,2.19,-9.53,-0.1,0.04,0.12,0
152433,1.34,1.86,-9.67,-0.1,0.04,0.11,0
152438,1.19,1.94,-9.64,-0.11,0.04,0.11,0
152443,0.96,1.92,-9.62,-0.12,0.05,0.11,0
152447,0.87,2,-9.68,-0.12,0.04,0.11,0
152452,0.72,1.93,-9.86,-0.12,0.04,0.11,0
152458,0.72,1.85,-9.99,-0.13,0.05,0.1,0
152462,0.85,1.77,-10.01,-0.13,0.05,0.1,0
152467,0.81,1.67,-10.08,-0.14,0.05,0.09,0
152473,1.02,1.51,-10.25,-0.14,0.06,0.09,0
152477,1,1.24,-10.22,-0.14,0.06,0.09,0
152482,1.09,1,-10.22,-0.13,0.05,0.09,0
152487,1,0.88,-10.13,-0.12,0.05,0.09,0
152492,0.82,0.85,-10.11,-0.12,0.04,0.09,0
152498,0.74,0.78,-10.27,-0.11,0.05,0.09,0
152502,0.61,0.71,-10.14,-0.11,0.05,0.09,0
152507,0.54,0.73,-10.1,-0.11,0.05,0.09,0
152542,-0.04,0.11,-9.64,-0.05,0.01,0.08,0
152547,-0.14,-0.15,-9.57,-0.04,0.01,0.1,0
152552,0.08,-0.45,-9.39,-0.02,-0.01,0.09,0
152557,-0.27,-0.6,-9.35,0.01,-0.04,0.09,0
152561,-0.26,-0.51,-9.79,0.01,-0.04,0.09,0
152567,-0.2,-0.5,-9.5,0.02,-0.04,0.1,0
152572,-0.43,-0.52,-9.5,0.04,-0.04,0.09,0
152577,-0.5,-0.46,-9.82,0.06,-0.07,0.1,0
152581,-0.72,-0.6,-9.82,0.08,-0.07,0.1,0
152588,-0.39,-0.64,-10.07,0.1,-0.09,0.1,0
152592,-0.48,-0.47,-9.74,0.11,-0.09,0.1,0
152598,-0.57,0.1,-9.9,0.13,-0.11,0.09,0
152603,-0.69,-0.01,-10.16,0.14,-0.14,0.1,0
152607,-0.7,-0.32,-9.92,0.15,-0.13,0.09,0
152612,-0.29,-0.34,-9.73,0.16,-0.13,0.09,0
152617,-0.24,-0.76,-9.71,0.17,-0.15,0.1,0
152622,-0.32,-0.61,-9.68,0.21,-0.17,0.1,0
152627,-0.2,-0.29,-9.65,0.22,-0.18,0.09,0
152632,-0.58,-0.45,-9.63,0.23,-0.19,0.1,0
152637,-0.81,-0.61,-9.64,0.25,-0.22,0.1,0
152643,-0.4,0.14,-9.82,0.27,-0.23,0.09,0
152647,-0.17,0.12,-9.57,0.26,-0.21,0.09,0
152653,0.28,-0.16,-9.84,0.29,-0.21,0.07,0
152658,0.39,0.08,-10.03,0.3,-0.22,0.07,0
152662,0.38,0.29,-9.66,0.31,-0.24,0.08,0
152667,-0.02,0.64,-10.18,0.32,-0.26,0.1,0
152671,0.16,0.69,-10.42,0.32,-0.26,0.09,0
152676,0.31,0.64,-10.16,0.32,-0.24,0.08,0
152680,0.53,0.8,-10.36,0.33,-0.25,0.07,0
152685,0.67,1.01,-10.25,0.33,-0.25,0.07,0
152691,0.9,1.24,-10.31,0.33,-0.25,0.07,0
152696,0.96,1.49,-10.33,0.33,-0.25,0.07,0
152818,1.69,2.55,-9.55,0.17,-0.13,-0.03,0
152822,1.78,2.61,-9.65,0.16,-0.12,-0.03,0
152827,1.86,2.48,-9.55,0.15,-0.11,-0.04,0
152832,1.9,2.57,-9.49,0.13,-0.1,-0.04,0
152836,1.76,2.53,-9.48,0.12,-0.1,-0.04,0
152842,1.67,2.53,-9.59,0.12,-0.09,-0.04,0
152848,1.68,2.56,-9.63,0.1,-0.08,-0.05,0
152852,1.67,2.46,-9.68,0.09,-0.07,-0.05,0
152857,1.66,2.37,-9.65,0.08,-0.06,-0.06,0
152862,1.55,2.25,-9.7,0.08,-0.06,-0.06,0
152866,1.6,2.25,-9.73,0.07,-0.05,-0.06,0
152872,1.48,2.3,-9.78,0.06,-0.05,-0.06,0
152878,1.4,2.24,-9.93,0.05,-0.04,-0.06,0
152883,1.33,2.15,-9.95,0.04,-0.03,-0.07,0
152888,1.23,1.98,-10.03,0.04,-0.03,-0.07,0
152892,1.21,1.9,-10.1,0.03,-0.03,-0.07,0
152897,1.23,1.8,-9.97,0.03,-0.02,-0.08,0
152902,1.16,1.68,-9.99,0.03,-0.02,-0.08,0
152908,1.17,1.55,-9.95,0.03,-0.02,-0.07,0
152912,1.12,1.49,-10.06,0.02,-0.02,-0.07,0
152917,1.07,1.42,-10,0.02,-0.01,-0.08,0
152922,1.09,1.25,-9.9,0.02,-0.01,-0.08,0
152926,0.92,1.21,-9.94,0.03,-0.02,-0.08,0
152931,0.78,1.15,-9.95,0.03,-0.02,-0.08,0
152936,0.62,1.04,-9.9,0.04,-0.02,-0.07,0
152942,0.57,0.94,-10.01,0.04,-0.02,-0.08,0
152946,0.53,0.76,-9.8,0.05,-0.02,-0.07,0
152951,0.34,0.5,-9.89,0.05,-0.03,-0.07,0
152956,0.5,0.38,-10.06,0.06,-0.03,-0.07,0
152961,0.39,0.11,-9.78,0.07,-0.03,-0.07,0
152967,0.4,0.29,-10.09,0.08,-0.04,-0.07,0
152971,0.25,0.28,-9.93,0.08,-0.04,-0.06,0
152976,0.12,0.18,-10.08,0.1,-0.05,-0.05,0
152981,0.28,0.1,-10.01,0.11,-0.05,-0.05,0
152986,0.14,0.71,-9.91,0.11,-0.06,-0.05,0
152991,-0.29,0.48,-9.71,0.12,-0.08,-0.05,0
152996,-0.11,0.37,-10.11,0.13,-0.08,-0.05,0
153001,-0.04,0.08,-9.83,0.14,-0.07,-0.05,0
153006,0.02,-0.04,-9.85,0.16,-0.09,-0.05,0
153012,-0.11,0.14,-9.82,0.17,-0.11,-0.04,0
153019,-0.11,-0.06,-9.81,0.18,-0.11,-0.05,0
153024,-0.11,0.05,-9.76,0.19,-0.12,-0.05,0
153029,-0.21,0.06,-9.78,0.21,-0.13,-0.04,0
153035,0.06,0.32,-9.82,0.22,-0.14,-0.04,0
153039,0.14,0.47,-9.65,0.22,-0.14,-0.04,0
153044,0.05,0.54,-9.8,0.23,-0.15,-0.04,0
153048,-0.08,0.7,-10.05,0.24,-0.17,-0.04,0
153053,0.09,0.46,-9.65,0.25,-0.16,-0.04,0
153058,0.22,0.31,-9.8,0.25,-0.16,-0.04,0
153062,0.23,0.13,-10.41,0.26,-0.17,-0.04,0
153067,0.59,0.47,-9.59,0.27,-0.17,-0.04,0
153071,0.54,0.9,-9.9,0.28,-0.19,-0.04,0
153077,0.15,0.83,-9.9,0.29,-0.21,-0.03,0
153081,0.5,0.94,-9.89,0.29,-0.19,-0.04,0
153086,0.22,1.11,-9.99,0.28,-0.18,-0.04,0
153091,0.51,1.18,-9.96,0.29,-0.21,-0.03,0
153095,0.23,1.31,-9.92,0.3,-0.22,-0.03,0
153100,0.68,1.38,-10.14,0.29,-0.2,-0.04,0
153105,0.86,0.92,-9.79,0.29,-0.19,-0.04,0
153110,0.93,0.98,-10.03,0.3,-0.21,-0.04,0
153114,0.84,1.12,-9.93,0.31,-0.22,-0.04,0
153119,0.89,1.18,-10.07,0.31,-0.22,-0.04,0
153124,1.01,1.13,-9.89,0.31,-0.2,-0.04,0
153129,0.99,1.22,-9.94,0.31,-0.2,-0.04,0
153133,0.92,1.51,-9.89,0.31,-0.21,-0.04,0
153138,0.95,1.78,-9.98,0.3,-0.21,-0.04,0
153143,1,1.83,-10.07,0.3,-0.2,-0.04,0
153147,1.03,1.91,-9.89,0.29,-0.2,-0.04,0
153152,1.09,1.8,-9.91,0.3,-0.2,-0.05,0
153157,1.15,2.05,-10.02,0.3,-0.2,-0.05,0
153162,1.23,2.2,-9.93,0.28,-0.19,-0.05,0
153168,1.33,2.18,-10.03,0.27,-0.18,-0.05,0
153173,1.26,2.05,-9.93,0.27,-0.19,-0.05,0
153178,1.44,1.96,-10.07,0.27,-0.18,-0.05,0
153182,1.43,1.92,-9.93,0.27,-0.18,-0.06,0
153187,1.45,1.95,-9.87,0.26,-0.17,-0.06,0
153191,1.54,2.07,-9.94,0.26,-0.17,-0.06,0
153196,1.61,2.07,-9.79,0.25,-0.17,-0.06,0
153201,1.57,2.12,-9.76,0.24,-0.16,-0.06,0
153206,1.53,2.17,-9.75,0.23,-0.15,-0.06,0
153211,1.53,2.33,-9.61,0.22,-0.15,-0.07,0
153215,1.46,2.46,-9.71,0.21,-0.14,-0.07,0
153220,1.65,2.48,-9.54,0.2,-0.13,-0.08,0
153225,1.62,2.62,-9.55,0.2,-0.13,-0.08,0
153230,1.73,2.54,-9.54,0.18,-0.12,-0.08,0
153235,1.64,2.55,-9.55,0.18,-0.11,-0.08,0
153243,1.65,2.53,-9.53,0.16,-0.1,-0.09,0
153247,1.67,2.49,-9.64,0.15,-0.09,-0.09,0
153252,1.71,2.5,-9.69,0.15,-0.09,-0.09,0
153256,1.6,2.6,-9.69,0.13,-0.08,-0.09,0
153262,1.72,2.44,-9.63,0.12,-0.07,-0.09,0
153266,1.65,2.43,-9.66,0.11,-0.06,-0.09,0
153272,1.66,2.45,-9.79,0.1,-0.06,-0.1,0
153276,1.6,2.38,-9.72,0.09,-0.05,-0.1,0
153282,1.57,2.36,-9.73,0.09,-0.05,-0.1,0
153286,1.55,2.38,-9.74,0.08,-0.04,-0.1,0
153292,1.36,2.4,-9.65,0.07,-0.04,-0.1,0
153296,1.44,2.41,-9.73,0.06,-0.03,-0.1,0
153302,1.43,2.34,-9.66,0.05,-0.02,-0.1,0
153306,1.4,2.21,-9.65,0.04,-0.02,-0.1,0
153311,1.28,2.07,-9.65,0.04,-0.01,-0.11,0
153315,1.25,2.07,-9.66,0.03,-0.01,-0.11,0
153320,1.31,1.88,-9.72,0.02,0,-0.1,0
153324,1.28,1.71,-9.69,0.02,0,-0.1,0
153331,1.19,1.61,-9.85,0.02,0,-0.1,0
153337,1.2,1.51,-9.82,0.02,0,-0.1,0
153341,1.07,1.48,-9.71,0.02,0.01,-0.1,0
153347,0.99,1.32,-9.92,0.02,0,-0.1,0
153351,0.95,1.3,-9.95,0.02,0,-0.1,0
153356,0.79,1.45,-9.85,0.02,0,-0.1,0
153360,0.83,1.52,-10.1,0.02,0,-0.1,0
153365,0.95,1.12,-9.93,0.01,0.01,-0.1,0
153370,1.02,1.03,-9.94,0.02,0.02,-0.1,0
153375,0.91,0.93,-9.77,0.03,0,-0.09,0
153380,0.87,1,-9.97,0.04,-0.01,-0.09,0
153385,0.71,1.09,-10.02,0.03,0.01,-0.1,0
153390,0.81,0.88,-9.74,0.03,0.01,-0.1,0
153395,0.66,0.78,-9.96,0.04,0,-0.09,0
153400,0.72,0.82,-9.78,0.05,0,-0.09,0
153404,0.57,0.78,-9.86,0.05,0,-0.08,0
153409,0.58,0.65,-9.71,0.05,0,-0.09,0
153413,0.45,0.78,-9.71,0.06,0,-0.09,0
153428,0.45,0.65,-9.79,0.07,-0.01,-0.09,0
153433,0.43,0.76,-9.81,0.08,-0.02,-0.09,0
153485,0.8,0.91,-9.76,0.14,-0.05,-0.08,0
153489,0.81,0.85,-9.55,0.14,-0.04,-0.08,0
153496,0.72,0.82,-9.85,0.15,-0.05,-0.08,0
153502,0.62,1.17,-9.51,0.16,-0.06,-0.08,0
153506,0.2,1.48,-9.94,0.16,-0.07,-0.07,0
153512,0.36,1.23,-9.73,0.15,-0.06,-0.07,0
153516,0.56,1.29,-9.73,0.15,-0.05,-0.09,0
153522,0.78,1.04,-9.75,0.16,-0.06,-0.08,0
153526,0.58,1.14,-9.85,0.16,-0.06,-0.08,0
153532,0.55,1.27,-9.55,0.17,-0.08,-0.08,0
153536,0.23,1.13,-9.77,0.16,-0.08,-0.07,0
153542,0.52,1.14,-9.99,0.16,-0.07,-0.07,0
153546,0.91,1.41,-9.74,0.16,-0.07,-0.09,0
153552,0.62,1.56,-9.58,0.16,-0.09,-0.08,0
153556,0.6,1.55,-10.08,0.17,-0.1,-0.07,0
153564,1.07,1.73,-9.64,0.15,-0.06,-0.09,0
153569,0.89,1.77,-9.67,0.15,-0.07,-0.07,0
153574,1.08,1.85,-9.94,0.16,-0.1,-0.07,0
153579,1.17,2.01,-9.67,0.14,-0.07,-0.09,0
153584,1.23,2.09,-9.84,0.12,-0.05,-0.1,0
153589,1.23,1.83,-9.71,0.13,-0.07,-0.08,0
153594,1,1.79,-9.67,0.14,-0.08,-0.08,0
153599,0.95,1.9,-9.94,0.13,-0.07,-0.08,0
153604,0.98,1.74,-9.39,0.12,-0.06,-0.09,0
153609,0.99,1.82,-9.6,0.12,-0.07,-0.09,0
153614,0.96,2.12,-10.34,0.11,-0.07,-0.09,0
153618,1.06,1.8,-9.52,0.1,-0.05,-0.09,0
153623,1.24,2.08,-9.62,0.1,-0.05,-0.1,0
153628,1.23,2.11,-9.74,0.1,-0.06,-0.09,0
153633,1.45,2.04,-9.52,0.09,-0.05,-0.1,0
153637,1.56,2.1,-9.78,0.08,-0.04,-0.1,0
153642,1.53,2.08,-9.41,0.08,-0.04,-0.1,0
153646,1.67,2.35,-9.68,0.07,-0.03,-0.1,0
153651,1.5,2.32,-9.79,0.05,-0.03,-0.09,0
153655,1.39,2.19,-9.32,0.06,-0.03,-0.1,0
153660,1.43,2.31,-9.68,0.05,-0.02,-0.1,0
153665,1.36,2.34,-9.64,0.04,-0.01,-0.1,0
153669,1.49,2.23,-9.53,0.03,-0.01,-0.1,0
153674,1.48,2.33,-9.68,0.02,0,-0.11,0
