millis,a_x,a_y,a_z,f,,,
420649,-0.29,0.88,0.78,0,,,
420654,-0.29,0.88,0.78,0,,,
420658,-0.29,0.88,0.78,0,,,
420662,-0.44,0.73,1.03,0,,,
420667,-0.44,0.73,1.03,0,,,
420671,-0.44,0.73,1.03,0,,,
420675,-0.44,0.73,1.03,0,,,
420680,-0.44,0.93,0.98,0,,,
420684,-0.34,0.93,0.98,0,,,
420688,-0.34,0.93,0.98,0,,,
420693,-0.34,0.93,0.98,0,,,
420698,-0.34,0.93,0.98,0,,,
420702,-0.29,0.93,0.98,0,,,
420706,-0.29,0.93,0.98,0,,,
420711,-0.29,0.93,0.98,0,,,
420715,-0.29,0.93,0.98,0,,,
420719,-0.2,0.64,1.32,0,,,
420724,-0.2,0.64,1.32,0,,,
420728,-0.2,0.64,1.32,0,,,
420733,-0.2,0.64,1.32,0,,,
420737,-0.44,0.93,1.07,0,,,
420741,-0.44,0.93,1.07,0,,,
420746,-0.44,0.93,1.07,0,,,
420750,-0.44,0.93,1.07,0,,,
420754,-0.44,0.93,1.17,0,,,
420759,-0.15,0.88,1.17,0,,,
420763,-0.15,0.88,1.17,0,,,
420767,-0.15,0.88,1.17,0,,,
420772,-0.15,0.88,1.17,0,,,
420780,-0.2,1.03,1.03,0,,,
420785,-0.2,1.03,1.03,0,,,
420789,-0.2,1.03,1.03,0,,,
420793,-0.2,1.03,1.03,0,,,
420798,-0.24,0.93,1.03,0,,,
420802,-0.24,0.93,1.03,0,,,
420809,-0.24,0.93,1.03,0,,,
420814,-0.29,0.93,1.22,0,,,
420818,-0.29,0.93,1.22,0,,,
420822,-0.29,0.93,1.22,0,,,
420826,-0.29,0.93,1.22,0,,,
420831,-0.29,0.15,1.17,0,,,
420835,-0.29,0.73,1.17,0,,,
420839,-0.29,0.73,1.17,0,,,
420844,-0.29,0.73,1.17,0,,,
420848,-0.29,0.73,1.17,0,,,
420852,-0.49,0.83,0.68,0,,,
420856,-0.49,0.83,0.68,0,,,
420861,-0.49,0.83,0.68,0,,,
420865,-0.49,0.83,0.68,0,,,
420873,-0.39,0.83,1.07,0,,,
420878,-0.39,0.83,1.07,0,,,
420882,-0.39,0.83,1.07,0,,,
420886,-0.39,0.83,1.07,0,,,
420891,-0.39,0.83,0.98,0,,,
420895,-0.39,0.83,0.98,0,,,
420900,-0.39,0.83,0.98,0,,,
420904,-0.39,0.83,0.98,0,,,
420908,-0.29,0.88,1.17,0,,,
420913,-0.29,0.88,1.17,0,,,
420917,-0.29,0.88,1.17,0,,,
420922,-0.29,0.88,1.17,0,,,
420926,-0.29,0.1,1.17,0,,,
420930,-0.24,0.64,1.17,0,,,
420935,-0.24,0.64,1.17,0,,,
420939,-0.24,0.64,1.17,0,,,
420943,-0.24,0.64,1.17,0,,,
420948,-0.44,0.83,0.78,0,,,
420952,-0.44,0.83,0.78,0,,,
420956,-0.44,0.83,0.78,0,,,
420961,-0.44,0.83,0.78,0,,,
420965,-0.15,0.78,1.12,0,,,
420970,-0.15,0.78,1.12,0,,,
420974,-0.15,0.78,1.12,0,,,
420978,-0.15,0.78,1.12,0,,,
420983,-0.15,0.78,0.98,0,,,
420987,-0.29,1.03,0.98,0,,,
420991,-0.29,1.03,0.98,0,,,
420995,-0.29,1.03,0.98,0,,,
421000,-0.29,1.03,0.98,0,,,
421004,-0.49,0.93,0.93,0,,,
421008,-0.49,0.93,0.93,0,,,
421012,-0.49,0.93,0.93,0,,,
421017,-0.49,0.93,0.93,0,,,
421026,-0.1,0.83,1.22,0,,,
421033,-0.1,0.83,1.22,0,,,
421037,-0.1,0.83,1.22,0,,,
421042,-0.34,1.03,0.98,0,,,
421046,-0.34,1.03,0.98,0,,,
421050,-0.34,1.03,0.98,0,,,
421055,-0.34,1.03,0.98,0,,,
421059,-0.34,0.98,1.12,0,,,
421064,-0.44,0.98,1.12,0,,,
421068,-0.44,0.98,1.12,0,,,
421072,-0.44,0.98,1.12,0,,,
421077,-0.44,0.98,1.12,0,,,
421081,-0.2,0.78,0.93,0,,,
421085,-0.2,0.78,0.93,0,,,
421090,-0.2,0.78,0.93,0,,,
421094,-0.2,0.78,0.93,0,,,
421099,-0.34,0.88,0.98,0,,,
421103,-0.34,0.88,0.98,0,,,
421107,-0.34,0.88,0.98,0,,,
421112,-0.34,0.88,0.98,0,,,
421116,-0.34,0.88,1.17,0,,,
421120,-0.39,0.88,1.17,0,,,
421125,-0.39,0.88,1.17,0,,,
421129,-0.39,0.88,1.17,0,,,
421133,-0.39,0.88,1.17,0,,,
421138,-0.39,0.88,1.12,0,,,
421142,-0.39,0.88,1.12,0,,,
421146,-0.39,0.88,1.12,0,,,
421150,-0.39,0.88,1.12,0,,,
421155,-0.2,0.83,1.12,0,,,
421159,-0.2,0.83,1.12,0,,,
421163,-0.2,0.83,1.12,0,,,
421168,-0.2,0.83,1.12,0,,,
421176,-0.49,0.88,0.83,0,,,
421180,-0.49,0.88,0.83,0,,,
421184,-0.49,0.88,0.83,0,,,
421189,-0.49,0.88,0.83,0,,,
421193,-0.29,1.03,1.03,0,,,
421198,-0.29,1.03,1.03,0,,,
421202,-0.29,1.03,1.03,0,,,
421206,-0.29,1.03,1.03,0,,,
421210,-0.29,1.03,1.07,0,,,
421215,-0.29,0.93,1.07,0,,,
421219,-0.29,0.93,1.07,0,,,
421224,-0.29,0.93,1.07,0,,,
421228,-0.29,0.93,1.07,0,,,
421232,-0.34,0.68,1.37,0,,,
421237,-0.34,0.68,1.37,0,,,
421241,-0.34,0.68,1.37,0,,,
421245,-0.34,0.68,1.37,0,,,
421250,-0.29,0.78,1.17,0,,,
421254,-0.29,0.78,1.17,0,,,
421259,-0.29,0.78,1.17,0,,,
421263,-0.29,0.78,1.17,0,,,
421267,-0.29,0.78,0.88,0,,,
421272,-0.44,0.98,0.88,0,,,
421276,-0.44,0.98,0.88,0,,,
421280,-0.44,0.98,0.88,0,,,
421285,-0.44,0.98,0.88,0,,,
421289,-0.34,0.83,0.88,0,,,
421293,-0.34,0.83,0.88,0,,,
421298,-0.34,0.83,0.88,0,,,
421302,-0.34,0.83,0.88,0,,,
421306,-0.34,0.98,0.88,0,,,
421311,-0.54,0.98,0.88,0,,,
421315,-0.54,0.98,0.88,0,,,
421319,-0.54,0.98,0.88,0,,,
421324,-0.54,0.98,0.88,0,,,
421328,-0.34,0.64,1.12,0,,,
421332,-0.34,0.64,1.12,0,,,
421337,-0.34,0.64,1.12,0,,,
421341,-0.34,0.64,1.12,0,,,
421345,-0.54,0.98,0.83,0,,,
421350,-0.54,0.98,0.83,0,,,
421354,-0.54,0.98,0.83,0,,,
421358,-0.54,0.98,0.83,0,,,
421363,-0.54,0.98,1.07,0,,,
421367,-0.39,0.88,1.07,0,,,
421371,-0.39,0.88,1.07,0,,,
421376,-0.39,0.88,1.07,0,,,
421380,-0.39,0.88,1.07,0,,,
421384,-0.44,0.88,0.83,0,,,
421389,-0.44,0.88,0.83,0,,,
421393,-0.44,0.88,0.83,0,,,
421398,-0.44,0.88,0.83,0,,,
421402,-0.34,0.88,1.03,0,,,
421406,-0.34,0.88,1.03,0,,,
421410,-0.34,0.88,1.03,0,,,
421415,-0.34,0.88,1.03,0,,,
421419,-0.34,0.88,0.88,0,,,
421423,-0.39,0.93,0.88,0,,,
421428,-0.39,0.93,0.88,0,,,
421432,-0.39,0.93,0.88,0,,,
421436,-0.39,0.93,0.88,0,,,
421441,-0.39,0.68,1.07,0,,,
421445,-0.39,0.68,1.07,0,,,
421449,-0.39,0.68,1.07,0,,,
421454,-0.39,0.68,1.07,0,,,
421458,-0.39,0.78,1.03,0,,,
421463,-0.39,0.78,1.03,0,,,
421467,-0.39,0.78,1.03,0,,,
421471,-0.39,0.78,1.03,0,,,
421475,-0.39,0.78,1.03,0,,,
421480,-0.59,1.07,0.83,0,,,
421484,-0.59,1.07,0.83,0,,,
421488,-0.59,1.07,0.83,0,,,
421493,-0.59,1.07,0.83,0,,,
421497,-0.39,0.78,0.78,0,,,
421501,-0.39,0.78,0.78,0,,,
421505,-0.39,0.78,0.78,0,,,
421510,-0.39,0.78,0.78,0,,,
421514,-0.39,0.78,1.07,0,,,
421518,-0.34,0.78,1.07,0,,,
421523,-0.34,0.78,1.07,0,,,
421527,-0.34,0.78,1.07,0,,,
421531,-0.34,0.78,1.07,0,,,
421541,-0.44,0.88,1.12,0,,,
421545,-0.44,0.88,1.12,0,,,
421550,-0.44,0.88,1.12,0,,,
421554,-0.34,0.83,1.03,0,,,
421558,-0.34,0.83,1.03,0,,,
421563,-0.34,0.83,1.03,0,,,
421567,-0.34,0.83,1.03,0,,,
421572,-0.34,0.83,0.93,0,,,
421576,-0.29,1.17,0.93,0,,,
421580,-0.29,1.17,0.93,0,,,
421585,-0.29,1.17,0.93,0,,,
421589,-0.29,1.17,0.93,0,,,
421593,-0.24,0.98,1.47,0,,,
421597,-0.24,0.98,1.47,0,,,
421602,-0.24,0.98,1.47,0,,,
421606,-0.24,0.98,1.47,0,,,
421610,-0.24,1.17,0.78,0,,,
421615,-0.39,1.17,0.78,0,,,
421619,-0.39,1.17,0.78,0,,,
421623,-0.39,1.17,0.78,0,,,
421628,-0.39,1.17,0,0,,,
421632,-0.29,1.22,0.54,0,,,
421636,-0.29,1.22,0.54,0,,,
421640,-0.29,1.22,0.54,0,,,
421645,-0.29,1.22,0.54,0,,,
421649,-0.44,1.17,0.83,0,,,
421653,-0.44,1.17,0.83,0,,,
421658,-0.44,1.17,0.83,0,,,
421662,-0.44,1.17,0.83,0,,,
421666,-0.44,1.17,0.68,0,,,
421673,-0.44,0.93,0.68,0,,,
421678,-0.44,0.93,0.68,0,,,
421688,-0.44,1.03,0.93,0,,,
421692,-0.44,1.03,0.93,0,,,
421696,-0.44,1.03,0.93,0,,,
421701,-0.44,1.03,0.93,0,,,
421705,-0.44,1.17,0.93,0,,,
421709,-0.39,1.17,0.93,0,,,
421714,-0.39,1.17,0.93,0,,,
421718,-0.39,1.17,0.93,0,,,
421722,-0.39,1.17,0.15,0,,,
421727,-0.54,0.83,0.73,0,,,
421731,-0.54,0.83,0.73,0,,,
421735,-0.54,0.83,0.73,0,,,
421739,-0.54,0.83,0.73,0,,,
421744,-0.59,1.07,0.83,0,,,
421748,-0.59,1.07,0.83,0,,,
421752,-0.59,1.07,0.83,0,,,
421757,-0.59,1.07,0.83,0,,,
421761,-0.59,1.07,0.73,0,,,
421766,-0.64,1.07,0.73,0,,,
421770,-0.64,1.07,0.73,0,,,
421774,-0.64,1.07,0.73,0,,,
421779,-0.64,1.07,0.73,0,,,
421783,-0.64,1.03,0.78,0,,,
421787,-0.64,1.03,0.78,0,,,
421792,-0.64,1.03,0.78,0,,,
421796,-0.64,1.03,0.78,0,,,
421800,-0.68,0.98,0.73,0,,,
421805,-0.68,0.98,0.73,0,,,
421809,-0.68,0.98,0.73,0,,,
421813,-0.68,0.98,0.73,0,,,
421818,-0.68,0.98,0.59,0,,,
421822,-0.64,1.07,0.59,0,,,
421826,-0.64,1.07,0.59,0,,,
421830,-0.64,1.07,0.59,0,,,
421835,-0.64,1.07,0.59,0,,,
421839,-0.59,0.78,1.03,0,,,
421843,-0.59,0.78,1.03,0,,,
421848,-0.59,0.78,1.03,0,,,
421852,-0.59,0.78,1.03,0,,,
421856,-0.59,0.78,0.93,0,,,
421860,-0.98,0.54,0.93,0,,,
421865,-0.98,0.54,0.93,0,,,
421869,-0.98,0.54,0.93,0,,,
421873,-0.98,0.54,0.93,0,,,
421878,-0.73,0.49,0.93,0,,,
421882,-0.73,0.49,0.93,0,,,
421886,-0.73,0.49,0.93,0,,,
421891,-0.73,0.49,0.93,0,,,
421895,-1.51,0.49,1.03,0,,,
421899,-0.98,0.49,1.03,0,,,
421903,-0.98,0.49,1.03,0,,,
421908,-0.98,0.49,1.03,0,,,
421912,-0.98,0.49,1.03,0,,,
421916,-1.03,0.49,1.22,0,,,
421921,-1.03,0.49,1.22,0,,,
421926,-1.03,0.49,1.22,0,,,
421930,-1.03,0.49,1.22,0,,,
421935,-1.12,0.68,1.03,0,,,
421939,-1.12,0.68,1.03,0,,,
421943,-1.12,0.68,1.03,0,,,
421948,-1.12,0.68,1.03,0,,,
421952,-1.12,0.29,1.32,0,,,
421956,-1.27,0.29,1.32,0,,,
421961,-1.27,0.29,1.32,0,,,
421965,-1.27,0.29,1.32,0,,,
421969,-1.27,0.29,2.1,0,,,
421974,-1.66,0.29,1.66,0,,,
421978,-1.66,0.29,1.66,0,,,
421982,-1.66,0.29,1.66,0,,,
421987,-1.66,0.29,1.66,0,,,
421991,-1.95,0.1,1.76,0,,,
421995,-1.95,0.1,1.76,0,,,
422008,-1.95,0.1,1.81,0,,,
422012,-2.44,-0.05,1.81,0,,,
422016,-2.44,-0.05,1.81,0,,,
422021,-2.44,-0.05,1.81,0,,,
422025,-2.44,-0.05,1.81,0,,,
422030,-2.64,-0.1,2.2,0,,,
422034,-2.64,-0.1,2.2,0,,,
422038,-2.64,-0.1,2.2,0,,,
422043,-2.64,-0.1,2.2,0,,,
422047,-2.64,-0.15,2.1,0,,,
422051,-2.44,-0.15,2.1,0,,,
422056,-2.44,-0.15,2.1,0,,,
422060,-2.44,-0.15,2.1,0,,,
422065,-2.44,-0.15,2.39,0,,,
422069,-2.59,-0.49,2.39,0,,,
422073,-2.59,-0.49,2.39,0,,,
422078,-2.59,-0.49,2.39,0,,,
422082,-2.59,-0.49,2.39,0,,,
422086,-1.71,-0.05,2,0,,,
422091,-1.71,-0.05,2,0,,,
422095,-1.71,-0.05,2,0,,,
422100,-1.71,-0.05,2,3574,,,
422104,2.2,-1.07,2.15,3949,,,
422108,2.15,-1.07,2.15,4095,,,
422113,2.15,-1.07,2.15,4095,,,
422117,2.15,-1.07,2.15,4095,,,
422121,2.15,-1.07,-15.83,4095,,,
422126,1.32,5.52,-15.78,4095,,,
422130,1.32,5.52,-15.78,4095,,,
422134,1.32,5.52,-15.78,4095,,,
422139,1.32,5.52,-15.78,4095,,,
422143,7.52,1.56,3.13,4095,,,
422147,7.52,1.56,3.13,4095,,,
422151,7.52,1.56,3.13,4095,,,
422155,7.52,1.56,3.13,4095,,,
422160,7.52,1.56,1.07,4095,,,
422164,3.08,-0.83,1.07,4095,,,
422168,3.08,-0.83,1.07,4095,,,
422172,3.08,-0.83,1.07,4027,,,90
422177,3.08,-0.83,1.07,3863,,,
422181,-0.49,0.59,-0.29,3707,,,
422185,-0.49,0.59,-0.29,3460,,,
422190,-0.49,0.59,-0.29,3226,,,
422330,0.34,0.88,0,0,,,
422335,0.29,0.88,0,0,,,
422339,0.29,0.88,0,0,,,
422343,0.29,0.88,0,0,,,
422347,0.29,0.88,0,0,,,
422352,-0.1,0.93,0,0,,,
422356,-0.1,0.93,0,0,,,
422396,-0.05,0.98,0.1,0,,,
422401,-0.05,0.98,0.1,0,,,
422406,-0.05,0.98,0.1,0,,,
422410,-0.05,1.07,0,0,,,
422416,-0.05,1.07,0,0,,,
422424,-0.05,1.07,0,0,,,
422429,-0.24,1.32,-0.15,0,,,
422433,-0.24,1.32,-0.15,0,,,
422437,-0.24,1.32,-0.15,0,,,
422442,-0.24,1.32,-0.15,0,,,
422446,-0.24,1.07,0.05,0,,,
422450,-0.39,1.07,0.05,0,,,
422455,-0.39,1.07,0.05,0,,,
422459,-0.39,1.07,0.05,0,,,
422463,-0.39,1.07,0.05,0,,,
422467,-0.15,1.07,0.1,0,,,
422473,-0.15,1.07,0.1,0,,,
422477,-0.15,1.07,0.1,0,,,
422482,-0.15,1.07,0.1,0,,,
422486,-0.1,1.12,0.29,0,,,
422490,-0.1,1.12,0.29,0,,,
422495,-0.1,1.12,0.29,0,,,
422499,-0.1,1.12,0.29,0,,,
422503,-0.24,0.93,0.2,0,,,
422508,-0.24,0.93,0.2,0,,,
422512,-0.24,0.93,0.2,0,,,
422516,-0.24,0.93,0.2,0,,,
422521,-0.24,0.93,0.54,0,,,
422525,-0.34,1.07,0.54,0,,,
422530,-0.34,1.07,0.54,0,,,
422534,-0.34,1.07,0.54,0,,,
422538,-0.34,1.07,0.54,0,,,
422543,-0.2,1.07,0.49,0,,,
422547,-0.2,1.07,0.49,0,,,
422551,-0.2,1.07,0.49,0,,,
422556,-0.2,1.07,0.49,0,,,
422560,-0.24,1.03,0.59,0,,,
422564,-0.24,1.03,0.59,0,,,
422569,-0.24,1.03,0.59,0,,,
422573,-0.24,1.03,0.59,0,,,
422577,-0.24,1.03,0.59,0,,,
422581,-0.24,1.37,0.59,0,,,
422586,-0.24,1.37,0.59,0,,,
422590,-0.24,1.37,0.59,0,,,
422594,-0.24,1.37,0.59,0,,,
422599,-0.29,1.07,0.68,0,,,
422603,-0.29,1.07,0.68,0,,,
422607,-0.29,1.07,0.68,0,,,
422612,-0.29,1.07,0.68,0,,,
422616,-0.29,1.07,0.64,0,,,
422620,-0.29,1.07,0.64,0,,,
422624,-0.29,1.07,0.64,0,,,
422673,-0.44,1.12,0.83,0,,,
422677,-0.24,0.98,0.83,0,,,
422682,-0.24,0.98,0.83,0,,,
422686,-0.24,0.98,0.83,0,,,
422690,-0.24,0.98,0.83,0,,,
422695,-0.39,0.83,0.98,0,,,
422699,-0.39,0.83,0.98,0,,,
422703,-0.39,0.83,0.98,0,,,
422708,-0.39,0.83,0.98,0,,,
422712,-0.44,0.98,0.88,0,,,
422716,-0.44,0.98,0.88,0,,,
422721,-0.44,0.98,0.88,0,,,
422725,-0.44,0.98,0.88,0,,,
422729,-0.44,0.98,1.07,0,,,
422734,-0.34,0.88,1.07,0,,,
422738,-0.34,0.88,1.07,0,,,
422742,-0.34,0.88,1.07,0,,,
422747,-0.34,0.88,1.07,0,,,
422751,-0.39,0.88,1.07,0,,,
422755,-0.39,0.88,1.07,0,,,
422760,-0.39,0.88,1.07,0,,,
422764,-0.39,0.88,1.07,0,,,
422768,-0.39,0.93,0.98,0,,,
422773,-0.29,0.93,0.98,0,,,
422777,-0.29,0.93,0.98,0,,,
422781,-0.29,0.93,0.98,0,,,
422786,-0.29,0.93,0.98,0,,,
422790,-0.44,0.88,1.17,0,,,
422794,-0.44,0.88,1.17,0,,,
422799,-0.44,0.88,1.17,0,,,
422803,-0.44,0.88,1.17,0,,,
422808,-0.44,0.83,0.98,0,,,
422812,-0.44,0.83,0.98,0,,,
422816,-0.44,0.83,0.98,0,,,
422821,-0.44,0.83,0.98,0,,,
422825,-0.44,0.83,1.17,0,,,
422829,-0.39,0.93,1.17,0,,,
422834,-0.39,0.93,1.17,0,,,
422838,-0.39,0.93,1.17,0,,,
422842,-0.39,0.93,1.17,0,,,
422847,-0.2,0.78,1.37,0,,,
422851,-0.2,0.78,1.37,0,,,
422855,-0.2,0.78,1.37,0,,,
422860,-0.2,0.78,1.37,0,,,
422864,-0.29,0.68,1.37,0,,,
422868,-0.29,0.68,1.37,0,,,
422873,-0.29,0.68,1.37,0,,,
422877,-0.29,0.68,1.37,0,,,
422881,-0.29,0.68,1.22,0,,,
422886,-0.49,0.78,1.22,0,,,
422890,-0.49,0.78,1.22,0,,,
422894,-0.49,0.78,1.22,0,,,
422899,-0.49,0.78,1.22,0,,,
422903,-0.49,0.93,1.07,0,,,
422907,-0.49,0.93,1.07,0,,,
422912,-0.49,0.93,1.07,0,,,
422916,-0.49,0.93,1.07,0,,,
422920,-0.49,0.93,1.07,0,,,
422924,-0.39,0.88,1.07,0,,,
422929,-0.39,0.88,1.07,0,,,
422933,-0.39,0.88,1.07,0,,,
422937,-0.39,0.88,1.07,0,,,
422942,-0.34,0.78,1.17,0,,,
422946,-0.34,0.78,1.17,0,,,
422950,-0.34,0.78,1.17,0,,,
422955,-0.34,0.78,1.17,0,,,
422959,-0.39,0.68,1.12,0,,,
422963,-0.39,0.68,1.12,0,,,
422968,-0.39,0.68,1.12,0,,,
422972,-0.39,0.68,1.12,0,,,
422976,-0.39,0.68,1.12,0,,,
422980,-0.59,0.73,1.12,0,,,
422985,-0.59,0.73,1.12,0,,,
422989,-0.59,0.73,1.12,0,,,
422993,-0.59,0.73,1.12,0,,,
423002,-0.54,0.78,1.07,0,,,
423006,-0.54,0.78,1.07,0,,,
423010,-0.54,0.78,1.07,0,,,
423015,-0.54,0.78,1.07,0,,,
423019,-0.44,0.98,1.07,0,,,
423024,-0.44,0.98,1.07,0,,,
423028,-0.44,0.98,1.07,0,,,
423032,-0.44,0.98,1.07,0,,,
423037,-0.49,0.88,1.12,0,,,
423041,-0.49,0.88,1.12,0,,,
423045,-0.49,0.88,1.12,0,,,
423050,-0.49,0.88,1.12,0,,,
423054,-0.49,0.83,0.93,0,,,
423058,-0.49,0.83,0.93,0,,,
423063,-0.49,0.83,0.93,0,,,
423067,-0.49,0.83,0.93,0,,,
423072,-0.49,0.83,0.83,0,,,
423076,-0.49,0.83,0.83,0,,,
423081,-0.49,0.83,0.83,0,,,
423085,-0.49,0.83,0.83,0,,,
423089,-0.49,0.83,0.83,0,,,
423094,-0.49,0.78,0.98,0,,,
423098,-0.49,0.78,0.98,0,,,
423102,-0.49,0.78,0.98,0,,,
423107,-0.49,0.78,0.98,0,,,
423111,-0.64,0.73,0.83,0,,,
423115,-0.64,0.73,0.83,0,,,
423120,-0.64,0.73,0.83,0,,,
423124,-0.64,0.73,0.83,0,,,
423128,-0.64,0.73,0.93,0,,,
423133,-0.64,0.64,0.93,0,,,
423137,-0.64,0.64,0.93,0,,,
423141,-0.64,0.64,0.93,0,,,
423146,-0.64,0.64,0.93,0,,,
423150,-0.59,0.73,0.78,0,,,
423154,-0.59,0.73,0.78,0,,,
423159,-0.59,0.73,0.78,0,,,
423163,-0.59,0.73,0.78,0,,,
423167,-0.59,0.78,0.83,0,,,
423172,-0.68,0.78,0.83,0,,,
423176,-0.68,0.78,0.83,0,,,
423180,-0.68,0.78,0.83,0,,,
423185,-0.68,0.78,0.83,0,,,
423189,-0.68,0.73,0.88,0,,,
423193,-0.68,0.73,0.88,0,,,
423198,-0.68,0.73,0.88,0,,,
423202,-0.68,0.73,0.88,0,,,
423206,-0.73,0.54,0.88,0,,,
423211,-0.73,0.54,0.88,0,,,
423215,-0.73,0.54,0.88,0,,,
423219,-0.73,0.54,0.88,0,,,
423224,-0.73,1.32,0.68,0,,,
423228,-0.59,0.88,0.68,0,,,
423232,-0.59,0.88,0.68,0,,,
423236,-0.59,0.88,0.68,0,,,
423241,-0.59,0.88,0.68,0,,,
423245,-0.59,0.78,1.03,0,,,
423249,-0.59,0.78,1.03,0,,,
423254,-0.59,0.78,1.03,0,,,
423258,-0.59,0.78,1.03,0,,,
423262,-0.59,0.78,1.03,0,,,
423267,-0.78,0.78,1.03,0,,,
423271,-0.78,0.78,1.03,0,,,
423276,-0.78,0.78,1.03,0,,,
423280,-0.78,0.78,1.03,0,,,
423284,-0.88,0.54,1.03,0,,,
423289,-0.88,0.54,1.03,0,,,
423293,-0.88,0.54,1.03,0,,,
423297,-0.88,0.54,1.03,0,,,
423302,-0.98,0.54,0.93,0,,,
423306,-0.98,0.54,0.93,0,,,
423310,-0.98,0.54,0.93,0,,,
423315,-0.98,0.54,0.93,0,,,
423319,-0.98,0.54,1.07,0,,,
423323,-1.03,0.54,1.07,0,,,
423328,-1.03,0.54,1.07,0,,,
423332,-1.03,0.54,1.07,0,,,
423336,-1.03,0.54,1.07,0,,,
423341,-0.98,0.34,0.93,0,,,
423345,-0.98,0.34,0.93,0,,,
423349,-0.98,0.34,0.93,0,,,
423353,-0.98,0.34,0.93,0,,,
423358,-0.88,0.49,1.03,0,,,
423362,-0.88,0.49,1.03,0,,,
423366,-0.88,0.49,1.03,0,,,
423371,-0.88,0.49,1.03,0,,,
423375,-0.88,0.49,0.93,0,,,
423379,-0.98,0.34,0.93,0,,,
423385,-0.98,0.34,0.93,0,,,
423389,-0.98,0.34,0.93,0,,,
423393,-0.98,0.34,0.93,0,,,
423398,-1.12,0.49,1.12,0,,,
423402,-1.12,0.49,1.12,0,,,
423406,-1.12,0.49,1.12,0,,,
423411,-1.12,0.49,1.12,0,,,
423415,-1.32,0.24,1.03,0,,,
423419,-1.32,0.24,1.03,0,,,
423424,-1.32,0.24,1.03,0,,,
423428,-1.32,0.24,1.03,0,,,
423433,-1.32,0.24,1.22,0,,,
423437,-1.37,0.2,1.22,0,,,
423441,-1.37,0.2,1.22,0,,,
423446,-1.37,0.2,1.22,0,,,
423450,-1.37,0.2,1.22,0,,,
423454,-1.66,0.15,1.61,0,,,
423459,-1.66,0.15,1.61,0,,,
423463,-1.66,0.15,1.61,0,,,
423468,-1.66,0.15,1.61,0,,,
423472,-2.25,0.15,1.56,0,,,
423476,-2.25,0.15,1.56,0,,,
423481,-2.25,0.15,1.56,0,,,
423485,-2.25,0.15,1.56,0,,,
423489,-2.25,0.15,2.54,0,,,
423494,-2.54,0.15,2.54,0,,,
423498,-2.54,0.15,2.54,0,,,
423502,-2.54,0.15,2.54,0,,,
423506,-2.54,0.15,2.54,0,,,
423511,-2.54,-0.68,3.13,0,,,
423515,-2.54,-0.68,3.13,0,,,
423519,-2.54,-0.68,3.13,0,,,
423524,-2.54,-0.68,3.13,0,,,
423528,-2.54,-0.83,2.44,0,,,
423532,-2.39,-0.83,2.44,0,,,
423537,-2.39,-0.83,2.44,0,,,
423614,12.26,5.57,8.4,4095,,,
423618,12.26,5.57,8.4,4095,,,
423622,12.26,5.57,-2.25,4095,,,
423627,1.81,-4.01,-2.25,4095,,,
423631,1.81,-4.01,-2.25,4095,,,
423636,1.81,-4.01,-2.25,4095,,,
423640,1.81,-4.01,-2.25,4074,,,
423644,0.29,-0.1,-0.93,3991,,,
423649,0.29,-0.1,-0.93,3761,,,
423653,0.29,-0.1,-0.93,3504,,,
423657,0.29,-0.1,-0.93,3198,,,
423662,-0.78,0.44,-0.54,2871,,,
423666,-0.78,0.44,-0.54,2369,,,
423670,-0.78,0.44,-0.54,1770,,,
423674,-0.78,0.44,-0.54,1005,,,
423792,0.59,1.86,0.2,0,,,
423796,-0.05,1.32,0.39,0,,,
423801,-0.05,1.32,0.39,0,,,
423805,-0.05,1.32,0.39,0,,,
423809,-0.05,1.32,0.39,0,,,
423814,-0.05,1.27,0.78,0,,,
423818,-0.05,1.27,0.78,0,,,
423822,-0.05,1.27,0.78,0,,,
423827,-0.05,1.27,0.78,0,,,
423831,-0.05,1.27,0,0,,,
423835,-0.2,1.51,0,0,,,
423840,-0.2,1.51,0,0,,,
423844,-0.2,1.51,0,0,,,
423848,-0.2,1.51,0,0,,,
423853,-0.05,1.37,0.15,0,,,
423857,-0.05,1.37,0.15,0,,,
423861,-0.05,1.37,0.15,0,,,
423866,-0.05,1.37,0.15,0,,,
423870,-0.05,1.51,0.1,0,,,
423875,-0.05,1.51,0.1,0,,,
423879,-0.05,1.51,0.1,0,,,
423883,-0.05,1.51,0.1,0,,,
423888,-0.05,1.51,0.24,0,,,
423892,-0.05,1.47,0.24,0,,,
423896,-0.05,1.47,0.24,0,,,
423901,-0.05,1.47,0.24,0,,,
423905,-0.05,1.47,0.24,0,,,
423909,-0.1,1.32,0.29,0,,,
423914,-0.1,1.32,0.29,0,,,
423918,-0.1,1.32,0.29,0,,,
423923,-0.1,1.32,0.29,0,,,
423927,-0.1,1.51,0.34,0,,,
423931,-0.1,1.51,0.34,0,,,
423936,-0.1,1.51,0.34,0,,,
423940,-0.1,1.51,0.34,0,,,
423944,-0.1,1.51,0.34,0,,,
423949,-0.05,1.17,0.34,0,,,
423953,-0.05,1.17,0.34,0,,,
423957,-0.05,1.17,0.34,0,,,
423962,-0.05,1.17,0.34,0,,,
423966,-0.15,1.27,0.59,0,,,
423970,-0.15,1.27,0.59,0,,,
423975,-0.15,1.27,0.59,0,,,
423979,-0.15,1.27,0.59,0,,,
423983,-0.15,1.27,0.78,0,,,
423988,-0.05,1.17,0.78,0,,,
423992,-0.05,1.17,0.78,0,,,
423996,-0.05,1.17,0.78,0,,,
424001,-0.05,1.17,0.78,0,,,
424005,-0.05,1.07,0.64,0,,,
424009,-0.05,1.07,0.64,0,,,
424014,-0.05,1.07,0.64,0,,,
424018,-0.05,1.07,0.64,0,,,
424022,-0.15,0.98,0.54,0,,,
424027,-0.15,0.98,0.54,0,,,
424031,-0.15,0.98,0.54,0,,,
424035,-0.15,0.98,0.54,0,,,
424040,-0.15,0.98,0.78,0,,,
424044,-0.34,1.22,0.78,0,,,
424049,-0.34,1.22,0.78,0,,,
424053,-0.34,1.22,0.78,0,,,
424057,-0.34,1.22,0.78,0,,,
424061,-0.24,1.17,0.98,0,,,
424066,-0.24,1.17,0.98,0,,,
424070,-0.24,1.17,0.98,0,,,
424074,-0.24,1.17,0.98,0,,,
424079,-0.24,1.12,0.78,0,,,
424083,-0.34,1.12,0.78,0,,,
424087,-0.34,1.12,0.78,0,,,
424091,-0.34,1.12,0.78,0,,,
424096,-0.34,1.12,0.78,0,,,
424100,-0.15,1.03,0.83,0,,,
424104,-0.15,1.03,0.83,0,,,
424109,-0.15,1.03,0.83,0,,,
424113,-0.15,1.03,0.83,0,,,
424118,-0.24,0.98,0.83,0,,,
424122,-0.24,0.98,0.83,0,,,
424126,-0.24,0.98,0.83,0,,,
424131,-0.24,0.98,0.83,0,,,
424135,-0.24,0.98,1.03,0,,,
424139,-0.29,0.98,1.03,0,,,
424143,-0.29,0.98,1.03,0,,,
424148,-0.29,0.98,1.03,0,,,
424152,-0.29,0.98,1.03,0,,,
424156,-0.05,1.03,1.07,0,,,
424161,-0.05,1.03,1.07,0,,,
424165,-0.05,1.03,1.07,0,,,
424169,-0.05,1.03,1.07,0,,,
424174,-0.05,0.68,0.98,0,,,
424178,-0.24,0.68,0.98,0,,,
424182,-0.24,0.68,0.98,0,,,
424187,-0.24,0.68,0.98,0,,,
424191,-0.24,0.68,0.98,0,,,
424195,-0.2,0.83,1.42,0,,,
424200,-0.2,0.83,1.42,0,,,
424204,-0.2,0.83,1.42,0,,,
424208,-0.2,0.83,1.42,0,,,
424212,-0.39,0.83,1.03,0,,,
424238,-0.24,0.88,0.83,0,,,
424242,-0.24,0.88,0.83,0,,,
424246,-0.24,0.88,0.83,0,,,
424251,-0.39,0.93,0.98,0,,,
424255,-0.39,0.93,0.98,0,,,
424260,-0.39,0.93,0.98,0,,,
424264,-0.39,0.93,0.98,0,,,
424268,-0.39,0.93,0.93,0,,,
424272,-0.29,1.03,0.93,0,,,
424277,-0.29,1.03,0.93,0,,,
424281,-0.29,1.03,0.93,0,,,
424285,-0.29,1.03,0.93,0,,,
424290,-0.24,0.49,1.17,0,,,
424294,-0.24,0.49,1.17,0,,,
424299,-0.24,0.49,1.17,0,,,
424303,-0.24,0.49,1.17,0,,,
424307,-0.29,0.68,1.12,0,,,
424312,-0.29,0.68,1.12,0,,,
424316,-0.29,0.68,1.12,0,,,
424320,-0.29,0.68,1.12,0,,,
424324,-0.29,0.68,1.37,0,,,
424329,-0.2,0.88,1.37,0,,,
424333,-0.2,0.88,1.37,0,,,
424337,-0.2,0.88,1.37,0,,,
424342,-0.2,0.88,1.37,0,,,
424346,-0.49,0.88,1.03,0,,,
424350,-0.49,0.88,1.03,0,,,
424355,-0.49,0.88,1.03,0,,,
424359,-0.49,0.88,1.03,0,,,
424363,-0.49,0.88,1.12,0,,,
424368,-0.49,0.93,1.12,0,,,
424372,-0.49,0.93,1.12,0,,,
424376,-0.49,0.93,1.12,0,,,
424380,-0.49,0.93,1.12,0,,,
424385,-0.49,0.73,0.98,0,,,
424389,-0.49,0.73,0.98,0,,,
424393,-0.49,0.73,0.98,0,,,
424398,-0.49,0.73,0.98,0,,,
424402,-0.34,0.88,0.98,0,,,
424407,-0.34,0.88,0.98,0,,,
424411,-0.34,0.88,0.98,0,,,
424415,-0.34,0.88,0.98,0,,,
424420,-0.34,0.88,0.73,0,,,
424424,-0.44,0.93,0.73,0,,,
424428,-0.44,0.93,0.73,0,,,
424433,-0.44,0.93,0.73,0,,,
424437,-0.44,0.93,0.73,0,,,
424441,-0.64,0.83,1.03,0,,,
424446,-0.64,0.83,1.03,0,,,
424450,-0.64,0.83,1.03,0,,,
424454,-0.64,0.83,1.03,0,,,
424459,-0.64,0.78,0.98,0,,,
424463,-0.49,0.78,0.98,0,,,
424467,-0.49,0.78,0.98,0,,,
424471,-0.49,0.78,0.98,0,,,
424476,-0.49,0.78,0.98,0,,,
424480,-0.73,0.88,0.78,0,,,
424484,-0.73,0.88,0.78,0,,,
424489,-0.73,0.88,0.78,0,,,
424493,-0.73,0.88,0.78,0,,,
424498,-0.68,0.73,0.64,0,,,
424502,-0.68,0.73,0.64,0,,,
424506,-0.68,0.73,0.64,0,,,
424511,-0.68,0.73,0.64,0,,,
424515,-0.68,0.73,0.88,0,,,
424519,-0.93,0.68,0.88,0,,,
424524,-0.93,0.68,0.88,0,,,
424528,-0.93,0.68,0.88,0,,,
424532,-0.93,0.68,0.88,0,,,
424537,-0.68,0.59,0.78,0,,,
424541,-0.68,0.59,0.78,0,,,
424545,-0.68,0.59,0.78,0,,,
424550,-0.68,0.59,0.78,0,,,
424554,-0.88,0.78,0.98,0,,,
424559,-0.88,0.78,0.98,0,,,
424563,-0.88,0.78,0.98,0,,,
424567,-0.88,0.78,0.98,0,,,
424572,-0.88,0.78,0.83,0,,,
424576,-0.98,0.78,0.83,0,,,
424580,-0.98,0.78,0.83,0,,,
424585,-0.98,0.78,0.83,0,,,
424589,-0.98,0.78,0.83,0,,,
424593,-0.88,0.44,0.93,0,,,
424598,-0.88,0.44,0.93,0,,,
424602,-0.88,0.44,0.93,0,,,
424606,-0.88,0.44,0.93,0,,,
424611,-0.83,0.44,1.27,0,,,
424615,-0.83,0.44,1.27,0,,,
424619,-0.83,0.44,1.27,0,,,
424624,-0.83,0.44,1.27,0,,,
424628,-0.83,0.44,0.88,0,,,
424633,-1.03,0.39,0.88,0,,,
424637,-1.03,0.39,0.88,0,,,
424641,-1.03,0.39,0.88,0,,,
424645,-1.03,0.39,0.88,0,,,
424650,-1.03,0.44,0.98,0,,,
424655,-1.03,0.44,0.98,0,,,
424660,-1.03,0.44,0.98,0,,,
424664,-1.03,0.44,0.98,0,,,
424668,-0.78,0.49,1.12,0,,,
424673,-0.78,0.49,1.12,0,,,
424677,-0.78,0.49,1.12,0,,,
424681,-0.78,0.49,1.12,0,,,
424686,-0.78,0.49,1.17,0,,,
424690,-1.03,0.24,1.17,0,,,
424694,-1.03,0.24,1.17,0,,,
424699,-1.03,0.24,1.17,0,,,
424703,-1.03,0.24,1.17,0,,,
424708,-0.83,0.24,1.32,0,,,
424712,-0.83,0.24,1.32,0,,,
424716,-0.83,0.24,1.32,0,,,
424721,-0.83,0.24,1.32,0,,,
424725,-0.83,0.49,1.56,0,,,
424729,-0.83,0.49,1.56,0,,,
424733,-0.83,0.49,1.56,0,,,
424738,-0.83,0.49,1.56,0,,,
424742,-0.83,0.49,1.56,0,,,
424746,-1.03,0.1,1.56,0,,,
424751,-1.03,0.1,1.56,0,,,
424755,-1.03,0.1,1.56,0,,,
424759,-1.03,0.1,1.56,0,,,
424769,-1.12,-0.05,1.76,0,,,
424774,-1.12,-0.05,1.76,0,,,
424778,-1.12,-0.05,1.76,0,,,
424783,-1.61,-0.2,1.91,0,,,
424788,-1.61,-0.2,1.91,0,,,
424792,-1.61,-0.2,1.91,0,,,
424797,-1.61,-0.2,1.91,0,,,
424801,-2.2,-0.39,2.34,0,,,
424805,-2.2,-0.39,2.34,0,,,
424810,-2.2,-0.39,2.34,0,,,
424814,-2.2,-0.39,2.34,0,,,
424818,-2.2,-0.39,2.74,0,,,
424823,-2.2,-0.39,2.74,0,,,
424827,-2.2,-0.39,2.74,0,,,
424831,-2.2,-0.39,2.74,0,,,
424836,-2.2,-0.39,2.74,0,,,
424840,-2.64,-1.07,2.78,0,,,
424844,-2.64,-1.07,2.78,0,,,
424849,-2.64,-1.07,2.78,0,,,
424853,-2.64,-1.07,2.78,0,,,
424864,-1.81,-0.93,2.69,0,,,
424868,-1.81,-0.93,2.69,0,,,
424872,-1.81,-0.93,2.69,0,,,
424972,0.24,-1.12,0.05,3664,,,
424976,0.24,-1.12,0.05,3515,,,
424981,0.24,-1.12,0.05,3312,,,
424985,0.24,-1.12,0.05,2507,,,
424989,0.24,-1.12,0.88,1977,,,
424994,0.88,0.49,0.88,1421,,,
424998,0.88,0.49,0.88,1216,,,
425002,0.88,0.49,0.88,871,,,
425007,0.88,0.49,0.88,561,,,
425011,0.39,0.88,2.3,627,,,
425015,0.39,0.88,2.3,611,,,
425019,0.39,0.88,2.3,657,,,
425024,0.39,0.88,2.3,169,,,
425028,0.39,-0.68,1.76,92,,,
425032,0.29,-0.44,1.76,167,,,
425036,0.29,-0.44,1.76,35,,,
425041,0.29,-0.44,1.76,112,,,
425045,0.29,-0.44,1.76,85,,,
425049,0.2,-0.24,0.88,78,,,
425053,0.2,-0.24,0.88,87,,,
425058,0.2,-0.24,0.88,74,,,
425062,0.2,-0.24,0.88,70,,,
425149,0.05,1.37,0,49,,,
425153,0.05,1.37,0,63,,,
425158,0.05,1.37,0,46,,,
425162,0.24,1.12,-0.2,9,,,
425166,0.24,1.12,-0.2,0,,,
425171,0.24,1.12,-0.2,0,,,
425175,0.24,1.12,-0.2,0,,,
425179,0.24,1.12,0,0,,,
425183,0.29,1.03,0,0,,,
425188,0.29,1.03,0,0,,,
425192,0.29,1.03,0,0,,,
425196,0.29,1.03,0,0,,,
425200,-0.1,1.32,-0.1,0,,,
425205,-0.1,1.32,-0.1,0,,,
425209,-0.1,1.32,-0.1,0,,,
425213,-0.1,1.32,-0.1,0,,,
425218,-0.1,1.32,-0.1,0,,,
425222,-0.39,1.47,-0.1,0,,,
425226,-0.39,1.47,-0.1,0,,,
425271,-0.2,1.12,0.29,0,,,
425276,-0.24,0.93,0.24,0,,,
425280,-0.24,0.93,0.24,0,,,
425284,-0.24,0.93,0.24,0,,,
425289,-0.24,0.93,0.24,0,,,
425293,-0.24,0.93,0.54,0,,,
425297,-0.24,0.64,0.54,0,,,
425303,-0.24,0.64,0.54,0,,,
425307,-0.24,0.64,0.54,0,,,
425312,-0.24,0.64,0.64,0,,,
425316,-0.34,0.88,0.64,0,,,
425321,-0.34,0.88,0.64,0,,,
425325,-0.34,0.88,0.64,0,,,
425329,-0.34,0.88,0.64,0,,,
425334,-0.34,0.88,0.49,0,,,
425338,-0.34,0.88,0.49,0,,,
425342,-0.34,0.88,0.49,0,,,
425347,-0.34,0.88,0.49,0,,,
425351,-0.34,0.83,0.68,0,,,
425355,-0.44,0.83,0.68,0,,,
425360,-0.44,0.83,0.68,0,,,
425364,-0.44,0.83,0.68,0,,,
425368,-0.44,0.83,0.68,0,,,
425373,-0.54,0.78,0.64,0,,,
425377,-0.54,0.78,0.64,0,,,
425381,-0.54,0.78,0.64,0,,,
425386,-0.54,0.78,0.64,0,,,
425390,-0.54,0.73,0.78,0,,,
425395,-0.54,0.73,0.78,0,,,
425399,-0.54,0.73,0.78,0,,,
425403,-0.54,0.73,0.78,0,,,
425408,-0.54,1.51,0.83,0,,,
425412,-0.29,0.78,0.83,0,,,
425416,-0.29,0.78,0.83,0,,,
425421,-0.29,0.78,0.83,0,,,
425425,-0.29,0.78,0.05,0,,,
425429,-0.44,0.98,0.64,0,,,
425434,-0.44,0.98,0.64,0,,,
425438,-0.44,0.98,0.64,0,,,
425442,-0.44,0.98,0.64,0,,,
425447,-0.54,1.07,0.93,0,,,
425451,-0.54,1.07,0.93,0,,,
425455,-0.54,1.07,0.93,0,,,
425460,-0.54,1.07,0.93,0,,,
425464,-0.54,1.07,1.03,0,,,
425468,-0.44,0.88,1.03,0,,,
425473,-0.44,0.88,1.03,0,,,
425477,-0.44,0.88,1.03,0,,,
425481,-0.44,0.88,1.03,0,,,
425486,-0.64,0.93,0.78,0,,,
425490,-0.64,0.93,0.78,0,,,
425494,-0.64,0.93,0.78,0,,,
425499,-0.64,0.93,0.78,0,,,
425503,-0.64,0.73,1.03,0,,,
425507,-0.29,0.73,1.03,0,,,
425512,-0.29,0.73,1.03,0,,,
425516,-0.29,0.73,1.03,0,,,
425520,-0.29,0.73,1.03,0,,,
425525,-0.44,0.73,1.12,0,,,
425529,-0.44,0.73,1.12,0,,,
425533,-0.44,0.73,1.12,0,,,
425537,-0.44,0.73,1.12,0,,,
425542,-0.39,0.88,0.93,0,,,
425558,-0.39,0.88,0.93,0,,,
425562,-0.64,0.59,1.12,0,,,
425566,-0.64,0.59,1.12,0,,,
425573,-0.64,0.59,1.12,0,,,
425577,-0.64,0.59,0.93,0,,,
425582,-0.59,0.88,0.93,0,,,
425586,-0.59,0.88,0.93,0,,,
425590,-0.59,0.88,0.93,0,,,
425595,-0.59,0.88,0.93,0,,,
425599,-0.49,0.68,0.93,0,,,
425603,-0.49,0.68,0.93,0,,,
425608,-0.49,0.68,0.93,0,,,
425612,-0.49,0.68,0.93,0,,,
425616,-0.49,1.47,1.12,0,,,
425621,-0.44,0.78,1.12,0,,,
425625,-0.44,0.78,1.12,0,,,
425629,-0.44,0.78,1.12,0,,,
425634,-0.44,0.78,1.12,0,,,
425638,-0.49,0.64,1.07,0,,,
425642,-0.49,0.64,1.07,0,,,
425647,-0.49,0.64,1.07,0,,,
425651,-0.49,0.64,1.07,0,,,
425655,-0.59,0.88,0.88,0,,,
425660,-0.59,0.88,0.88,0,,,
425664,-0.59,0.88,0.88,0,,,
425668,-0.59,0.88,0.88,0,,,
425673,-0.59,0.88,0.98,0,,,
425677,-0.64,0.83,0.98,0,,,
425681,-0.64,0.83,0.98,0,,,
425686,-0.64,0.83,0.98,0,,,
425690,-0.64,0.83,0.98,0,,,
425695,-0.59,0.73,0.98,0,,,
425699,-0.59,0.73,0.98,0,,,
425703,-0.59,0.73,0.98,0,,,
425708,-0.59,0.73,0.98,0,,,
425712,-0.44,0.64,1.03,0,,,
425716,-0.44,0.64,1.03,0,,,
425721,-0.44,0.64,1.03,0,,,
425725,-0.44,0.64,1.03,0,,,
425729,-0.44,0.64,0.93,0,,,
425734,-0.54,0.54,0.93,0,,,
425738,-0.54,0.54,0.93,0,,,
425742,-0.54,0.54,0.93,0,,,
425747,-0.54,0.54,0.93,0,,,
425751,-0.64,0.64,0.98,0,,,
425755,-0.64,0.64,0.98,0,,,
425760,-0.64,0.64,0.98,0,,,
425764,-0.64,0.64,0.98,0,,,
425768,-0.64,0.64,1.03,0,,,
425773,-0.54,0.68,1.03,0,,,
425777,-0.54,0.68,1.03,0,,,
425781,-0.54,0.68,1.03,0,,,
425786,-0.54,0.68,0.24,0,,,
425790,-0.73,0.73,0.54,0,,,
425795,-0.73,0.73,0.54,0,,,
425799,-0.73,0.73,0.54,0,,,
425803,-0.73,0.73,0.54,0,,,
425808,-0.64,0.49,0.98,0,,,
425812,-0.64,0.49,0.98,0,,,
425816,-0.64,0.49,0.98,0,,,
425821,-0.64,0.49,0.98,0,,,
425825,-0.64,0.49,0.78,0,,,
425829,-0.64,0.49,0.78,0,,,
425834,-0.64,0.49,0.78,0,,,
425838,-0.64,0.49,0.78,0,,,
425842,-0.64,0.49,0.78,0,,,
425847,-0.83,0.64,0.93,0,,,
425851,-0.83,0.64,0.93,0,,,
425855,-0.83,0.64,0.93,0,,,
425860,-0.83,0.64,0.93,0,,,
425864,-0.64,0.64,0.83,0,,,
425868,-0.64,0.64,0.83,0,,,
425873,-0.64,0.64,0.83,0,,,
425877,-0.64,0.64,0.83,0,,,
425881,-0.64,0.64,0.83,0,,,
425885,-0.88,0.64,0.83,0,,,
425890,-0.88,0.64,0.83,0,,,
425894,-0.88,0.64,0.83,0,,,
425898,-0.88,0.64,0.83,0,,,
425903,-0.83,0.68,0.83,0,,,
425907,-0.83,0.68,0.83,0,,,
425911,-0.83,0.68,0.83,0,,,
425916,-0.83,0.68,0.83,0,,,
425920,-0.83,1.47,0.78,0,,,
425924,-0.88,0.78,0.78,0,,,
425928,-0.88,0.78,0.78,0,,,
425933,-0.88,0.78,0.78,0,,,
425937,-0.88,0.78,0.78,0,,,
425942,-0.78,0.49,0.64,0,,,
425946,-0.78,0.49,0.64,0,,,
425950,-0.78,0.49,0.64,0,,,
425955,-0.78,0.49,0.64,0,,,
425959,-0.83,0.44,0.98,0,,,
425963,-0.83,0.44,0.98,0,,,
425968,-0.83,0.44,0.98,0,,,
425972,-0.83,0.44,0.98,0,,,
425977,-0.83,0.44,0.88,0,,,
425981,-0.73,0.49,0.88,0,,,
425985,-0.73,0.49,0.88,0,,,
425990,-0.73,0.49,0.88,0,,,
426001,-0.68,0.59,0.78,0,,,
426005,-0.68,0.59,0.78,0,,,
426010,-0.68,0.59,0.78,0,,,
426014,-0.68,0.59,0.93,0,,,
426018,-0.64,0.49,0.93,0,,,
426023,-0.64,0.49,0.93,0,,,
426027,-0.64,0.49,0.93,0,,,
426031,-0.64,0.49,0.93,0,,,
426036,-0.78,0.15,1.03,0,,,
426040,-0.78,0.15,1.03,0,,,
426044,-0.78,0.15,1.03,0,,,
426049,-0.78,0.15,1.03,0,,,
426053,-0.78,0.15,1.03,0,,,
426057,-0.98,0.29,1.03,0,,,
426062,-0.98,0.29,1.03,0,,,
426066,-0.98,0.29,1.03,0,,,
426070,-0.98,0.29,1.03,0,,,
426075,-0.83,0.29,1.03,0,,,
426079,-0.83,0.29,1.03,0,,,
426083,-0.83,0.29,1.03,0,,,
426088,-0.83,0.29,1.03,0,,,
426092,-1.03,0.1,1.03,0,,,
426096,-1.03,0.1,1.03,0,,,
426101,-1.03,0.1,1.03,0,,,
426105,-1.03,0.1,1.03,0,,,
426109,-1.03,0.1,1.17,0,,,
426114,-1.22,-0.05,1.17,0,,,
426118,-1.22,-0.05,1.17,0,,,
426122,-1.22,-0.05,1.17,0,,,
426127,-1.22,-0.05,1.17,0,,,
426131,-1.71,-0.24,1.27,0,,,
426135,-1.71,-0.24,1.27,0,,,
426140,-1.71,-0.24,1.27,0,,,
426144,-1.71,-0.24,1.27,0,,,
426149,-1.71,-0.2,1.91,0,,,
426153,-2,-0.2,1.91,0,,,
426157,-2,-0.2,1.91,0,,,
426162,-2,-0.2,1.91,0,,,
426166,-2,-0.2,1.95,0,,,
426171,-2.44,-0.24,1.95,0,,,
426175,-2.44,-0.24,1.95,0,,,
426179,-2.44,-0.24,1.95,0,,,
426184,-2.44,-0.24,1.95,0,,,
426188,-2.83,-0.78,2,0,,,
426193,-2.83,-0.78,2,0,,,
426197,-2.83,-0.78,2,0,,,
426201,-2.83,-0.78,2,0,,,
426206,-3.08,-0.39,2,0,,,
426210,-3.08,-0.39,2,0,,,
426214,-3.08,-0.39,2,0,,,
426219,-3.08,-0.39,2,0,,,
426223,-3.08,-0.39,2.25,0,,,
426227,-2.49,-0.1,2.25,0,,,
426232,-2.49,-0.1,2.25,0,,,
426236,-2.49,-0.1,2.25,0,,,
426240,-2.49,-0.1,2.25,0,,,
426358,-0.34,2,-0.59,3295,,,
426362,-0.34,2,-0.59,2926,,,
426366,-0.34,2,-0.59,2365,,,
426371,-0.34,2,-0.59,1766,,,
426375,-0.34,2,1.95,1513,,,
426379,0.29,0.64,1.95,1229,,,
426384,0.29,0.64,1.95,971,,,
426388,0.29,0.64,1.95,603,,,
426392,0.29,0.64,1.95,701,,,
426396,0.34,0.15,1.56,745,,,
426400,0.34,0.15,1.56,618,,,
426404,0.34,0.15,1.56,688,,,
426409,0.34,0.15,1.56,497,,,
426413,0.34,0.15,1.27,362,,,
426417,0.15,-0.05,1.27,278,,,
426421,0.15,-0.05,1.27,304,,,
426488,0.39,1.32,0.64,214,,,
426493,0.1,0.98,0.05,223,,,
426497,0.1,0.98,0.05,323,,,
426501,0.1,0.98,0.05,272,,,
426505,0.1,0.98,0.05,251,,,
426510,0,1.22,0.24,235,,,
426514,0,1.22,0.24,231,,,
426518,0,1.22,0.24,272,,,
426522,0,1.22,0.24,237,,,
426527,0,1.22,0.24,264,,,
426531,-0.05,1.27,0,285,,,
426535,-0.05,1.27,0,227,,,
426539,-0.05,1.27,0,207,,,
426544,-0.05,1.27,0,228,,,
426548,-0.05,1.17,0,186,,,
426553,-0.05,1.17,0,192,,,
426557,-0.05,1.17,0,189,,,
426561,-0.05,1.17,0,128,,,
426566,-0.05,1.17,0.1,117,,,
426570,0.1,1.22,0.1,59,,,
426574,0.1,1.22,0.1,48,,,
426579,0.1,1.22,0.1,32,,,
426583,0.1,1.22,0.1,3,,,
426587,-0.34,0.98,0.15,0,,,
426591,-0.34,0.98,0.15,2,,,
426596,-0.34,0.98,0.15,0,,,
426600,-0.34,0.98,0.15,0,,,
426604,-0.34,1.17,0.44,6,,,
426609,-0.44,1.17,0.44,0,,,
426613,-0.44,1.17,0.44,0,,,
426618,-0.44,1.17,0.44,0,,,
426622,-0.44,1.17,0.44,0,,,
426626,-0.29,1.32,0.44,0,,,
426630,-0.29,1.32,0.44,0,,,
426635,-0.29,1.32,0.44,0,,,
426639,-0.29,1.32,0.44,0,,,
426643,-0.24,1.03,0.54,0,,,
426648,-0.24,1.03,0.54,0,,,
426652,-0.24,1.03,0.54,0,,,
426656,-0.24,1.03,0.54,0,,,
426660,-0.24,1.03,0.68,0,,,
426665,-0.39,0.93,0.68,0,,,
426669,-0.39,0.93,0.68,0,,,
426673,-0.39,0.93,0.68,0,,,
426678,-0.39,0.93,0.68,0,,,
426682,-0.54,0.78,0.78,0,,,
426686,-0.54,0.78,0.78,0,,,
426691,-0.54,0.78,0.78,0,,,
426695,-0.54,0.78,0.78,0,,,
426699,-0.54,0.54,0.73,0,,,
426704,-0.59,0.54,0.73,0,,,
426708,-0.59,0.54,0.73,0,,,
426713,-0.59,0.54,0.73,0,,,
426717,-0.59,0.54,0.93,0,,,
426721,-0.49,0.68,0.93,0,,,
426725,-0.49,0.68,0.93,0,,,
426730,-0.49,0.68,0.93,0,,,
426734,-0.49,0.68,0.93,0,,,
426738,-0.83,0.73,1.22,0,,,
426743,-0.83,0.73,1.22,0,,,
426747,-0.83,0.73,1.22,0,,,
426751,-0.83,0.73,1.22,0,,,
426756,-0.83,1.51,1.12,0,,,
426760,-0.44,0.83,1.12,0,,,
426764,-0.44,0.83,1.12,0,,,
426769,-0.44,0.83,1.12,0,,,
426773,-0.44,0.83,1.12,0,,,
426777,-0.68,0.59,0.68,0,,,
426782,-0.68,0.59,0.68,0,,,
426786,-0.68,0.59,0.68,0,,,
426791,-0.68,0.59,0.68,0,,,
426795,-0.44,0.59,0.93,0,,,
426799,-0.44,0.59,0.93,0,,,
426804,-0.44,0.59,0.93,0,,,
426808,-0.44,0.59,0.93,0,,,
426813,-0.44,1.37,1.03,0,,,
426817,-0.54,0.78,1.03,0,,,
426821,-0.54,0.78,1.03,0,,,
426826,-0.54,0.78,1.03,0,,,
426830,-0.54,0.78,1.03,0,,,
426834,-0.83,0.64,1.22,0,,,
426839,-0.83,0.64,1.22,0,,,
426844,-0.83,0.64,1.22,0,,,
426848,-0.83,0.64,1.22,0,,,
426853,-0.68,0.54,1.22,0,,,
426857,-0.68,0.54,1.22,0,,,
426861,-0.68,0.54,1.22,0,,,
426866,-0.68,0.54,1.22,0,,,
426870,-0.68,0.68,1.12,0,,,
426874,-0.64,0.68,1.12,0,,,
426878,-0.64,0.68,1.12,0,,,
426883,-0.64,0.68,1.12,0,,,
426887,-0.64,0.68,1.12,0,,,
426891,-0.83,0.59,1.07,0,,,
426896,-0.83,0.59,1.07,0,,,
426900,-0.83,0.59,1.07,0,,,
426904,-0.83,0.59,1.07,0,,,
426909,-0.64,0.68,1.03,0,,,
426913,-0.64,0.68,1.03,0,,,
426918,-0.64,0.68,1.03,0,,,
426922,-0.64,0.68,1.03,0,,,
426926,-0.64,0.68,1.22,0,,,
426931,-0.64,0.68,1.22,0,,,
426935,-0.64,0.68,1.22,0,,,
426939,-0.64,0.68,1.22,0,,,
426944,-0.64,0.68,1.22,0,,,
426948,-0.54,0.44,1.27,0,,,
426952,-0.54,0.44,1.27,0,,,
426957,-0.54,0.44,1.27,0,,,
426961,-0.54,0.44,1.27,0,,,
426965,-0.68,0.49,1.07,0,,,
426970,-0.68,0.49,1.07,0,,,
426974,-0.68,0.49,1.07,0,,,
426978,-0.68,0.49,1.07,0,,,
426983,-0.68,0.49,1.03,0,,,
426987,-0.64,0.73,1.03,0,,,
426991,-0.64,0.73,1.03,0,,,
426995,-0.64,0.73,1.03,0,,,
427000,-0.64,0.73,1.03,0,,,
427004,-0.68,0.68,1.03,0,,,
427008,-0.68,0.68,1.03,0,,,
427013,-0.68,0.68,1.03,0,,,
427017,-0.68,0.68,1.03,0,,,
427021,-0.68,0.68,0.78,0,,,
427026,-0.73,0.68,0.78,0,,,
427030,-0.73,0.68,0.78,0,,,
427034,-0.73,0.68,0.78,0,,,
427038,-0.73,0.68,0.78,0,,,
427043,-0.73,0.78,1.07,0,,,
427066,-0.59,0.68,1.03,0,,,
427070,-0.59,0.68,1.03,0,,,
427075,-0.59,0.68,1.03,0,,,
427079,-0.54,0.68,0.98,0,,,
427084,-0.54,0.68,0.98,0,,,
427088,-0.54,0.68,0.98,0,,,
427092,-0.54,0.68,0.98,0,,,
427096,-0.54,0.68,0.78,0,,,
427101,-0.93,0.98,0.78,0,,,
427105,-0.93,0.98,0.78,0,,,
427110,-0.93,0.98,0.78,0,,,
427114,-0.93,0.98,0.78,0,,,
427118,-0.54,0.73,0.83,0,,,
427123,-0.54,0.73,0.83,0,,,
427127,-0.54,0.73,0.83,0,,,
427131,-0.54,0.73,0.83,0,,,
427136,-0.54,0.73,0.73,0,,,
427140,-0.68,0.73,0.73,0,,,
427144,-0.68,0.73,0.73,0,,,
427149,-0.68,0.73,0.73,0,,,
427153,-0.68,0.73,0.73,0,,,
427157,-0.93,0.83,0.64,0,,,
427162,-0.93,0.83,0.64,0,,,
427166,-0.93,0.83,0.64,0,,,
427170,-0.93,0.83,0.64,0,,,
427175,-0.83,0.68,0.83,0,,,
427179,-0.83,0.68,0.83,0,,,
427183,-0.83,0.68,0.83,0,,,
427188,-0.83,0.68,0.83,0,,,
427192,-0.83,0.68,0.83,0,,,
427196,-0.78,0.98,0.83,0,,,
427201,-0.78,0.98,0.83,0,,,
427205,-0.78,0.98,0.83,0,,,
427209,-0.78,0.98,0.83,0,,,
427214,-0.83,0.83,0.68,0,,,
427218,-0.83,0.83,0.68,0,,,
427222,-0.83,0.83,0.68,0,,,
427227,-0.83,0.83,0.68,0,,,
427231,-0.83,0.78,0.98,0,,,
427235,-0.93,0.78,0.98,0,,,
427240,-0.93,0.78,0.98,0,,,
427244,-0.93,0.78,0.98,0,,,
427248,-0.93,0.78,0.83,0,,,
427253,-0.83,0.59,0.83,0,,,
427257,-0.83,0.59,0.83,0,,,
427261,-0.83,0.59,0.83,0,,,
427266,-0.83,0.59,0.83,0,,,
427270,-0.88,0.49,0.93,0,,,
427274,-0.88,0.49,0.93,0,,,
427279,-0.88,0.49,0.93,0,,,
427283,-0.88,0.49,0.93,0,,,
427288,-0.88,0.49,1.03,0,,,
427292,-0.88,0.59,1.03,0,,,
427296,-0.88,0.59,1.03,0,,,
427301,-0.88,0.59,1.03,0,,,
427305,-0.88,0.59,1.03,0,,,
427309,-0.83,0.68,0.98,0,,,
427314,-0.83,0.68,0.98,0,,,
427318,-0.83,0.68,0.98,0,,,
427322,-0.83,0.68,0.98,0,,,
427327,-0.83,0.54,0.98,0,,,
427331,-0.83,0.54,0.98,0,,,
427335,-0.83,0.54,0.98,0,,,
427340,-0.83,0.54,0.98,0,,,
427344,-0.83,0.54,1.27,0,,,
427348,-0.98,0.49,1.27,0,,,
427353,-0.98,0.49,1.27,0,,,
427357,-0.98,0.49,1.27,0,,,
427361,-0.98,0.49,1.27,0,,,
427366,-0.93,0.39,1.12,0,,,
427370,-0.93,0.39,1.12,0,,,
427374,-0.93,0.39,1.12,0,,,
427379,-0.93,0.39,1.12,0,,,
427383,-0.93,0.24,1.17,0,,,
427387,-0.93,0.24,1.17,0,,,
427391,-0.93,0.24,1.17,0,,,
427396,-0.93,0.24,1.17,0,,,
427400,-0.93,0.24,1.17,0,,,
427404,-0.98,-0.05,1.32,0,,,
427409,-0.98,-0.05,1.32,0,,,
427413,-0.98,-0.05,1.32,0,,,
427418,-0.98,-0.05,1.32,0,,,
427422,-1.12,-0.05,1.17,0,,,
427426,-1.12,-0.05,1.17,0,,,
427430,-1.12,-0.05,1.17,0,,,
427451,-1.17,0,1.56,0,,,
427456,-1.17,0,1.56,0,,,
427460,-1.22,-0.05,1.56,0,,,
427465,-1.22,-0.05,1.56,0,,,
427470,-1.22,-0.05,1.56,0,,,
427474,-1.22,-0.05,1.56,0,,,
427478,-1.61,0,1.27,0,,,
427483,-1.61,0,1.27,0,,,
427487,-1.61,0,1.27,0,,,
427491,-1.61,0,1.27,0,,,
427496,-1.61,0,1.71,0,,,
427500,-2.44,-0.39,1.71,0,,,
427504,-2.44,-0.39,1.71,0,,,
427509,-2.44,-0.39,1.71,0,,,
427513,-2.44,-0.39,1.71,0,,,
427518,-3.18,-0.64,2.1,0,,,
427522,-3.18,-0.64,2.1,0,,,
427526,-3.18,-0.64,2.1,0,,,
427531,-3.18,-0.64,2.1,0,,,
427535,-3.18,-0.88,2.49,0,,,
427540,-3.18,-0.88,2.49,0,,,
427544,-3.18,-0.88,2.49,0,,,
427548,-3.18,-0.88,2.49,0,,,
427552,-3.18,-0.88,2,0,,,
427557,-2.39,-0.64,2,0,,,
427561,-2.39,-0.64,2,0,,,
427565,-2.39,-0.64,2,0,,,
427570,-2.39,-0.64,2,0,,,
427651,-2.05,-1.86,-0.98,4095,,,
427656,-2.05,-1.86,-0.98,3959,,,
427660,-2.05,-1.86,-0.98,3841,,,
427666,-2.05,-1.86,-0.88,3594,,,
427671,0.98,0.88,-0.88,3311,,,
427675,0.98,0.88,-0.88,3036,,,
427681,0.98,0.88,-0.88,2309,,,
427685,0.98,0.88,0.68,1830,,,
427689,0.1,-0.1,0.59,1203,,,
427693,0.1,-0.1,0.59,944,,,
427698,0.1,-0.1,0.59,687,,,
427702,0.1,-0.1,0.59,791,,,
427706,0.34,-0.59,3.08,1375,,,
427711,0.34,-0.59,3.08,1557,,,
427715,0.34,-0.59,3.08,1402,,,
427719,0.34,-0.59,3.08,821,,,
427723,0.34,-0.59,1.56,553,,,
427728,0.88,-0.34,1.56,426,,,
427732,0.88,-0.34,1.56,352,,,
427736,0.88,-0.34,1.56,362,,,
427741,0.88,-0.34,1.56,321,,,
427745,0.29,0.34,1.03,202,,,
427749,0.29,0.34,1.03,241,,,
427753,0.29,0.34,1.03,214,,,
427856,0.1,1.12,-0.34,69,,,
427860,0.24,0.98,-0.34,17,,,
427865,0.24,0.98,-0.34,0,,,
427869,0.24,0.98,-0.34,0,,,
427873,0.24,0.98,-0.34,0,,,
427878,0.29,0.88,-0.1,0,,,
427882,0.29,0.88,-0.1,0,,,
427887,0.29,0.88,-0.1,0,,,
427891,0.29,0.88,-0.1,0,,,
427895,0.29,1.07,-0.15,0,,,
427900,0.1,1.07,-0.15,0,,,
427904,0.1,1.07,-0.15,0,,,
427908,0.1,1.07,-0.15,0,,,
427913,0.1,1.07,0.64,0,,,
427917,-0.05,0.88,0.2,0,,,
427921,-0.05,0.88,0.2,0,,,
427925,-0.05,0.88,0.2,0,,,
427930,-0.05,0.88,0.2,0,,,
427934,-0.15,0.93,0,0,,,
427938,-0.15,0.93,0,0,,,
427943,-0.15,0.93,0,0,,,
427947,-0.15,0.93,0,0,,,
427951,-0.15,0.93,0.05,0,,,
427956,0.1,0.88,0.05,0,,,
427960,0.1,0.88,0.05,0,,,
427964,0.1,0.88,0.05,0,,,
427969,0.1,0.88,0.05,0,,,
427973,-0.05,0.78,0.39,0,,,
427977,-0.05,0.78,0.39,0,,,
427982,-0.05,0.78,0.39,0,,,
427986,-0.05,0.78,0.39,0,,,
427990,-0.05,0.93,0.2,0,,,
427994,-0.15,0.93,0.2,0,,,
427999,-0.15,0.93,0.2,0,,,
428003,-0.15,0.93,0.2,0,,,
428007,-0.15,0.93,0.2,0,,,
428012,-0.1,0.93,0.15,0,,,
428016,-0.1,0.93,0.15,0,,,
428020,-0.1,0.93,0.15,0,,,
428025,-0.1,0.93,0.15,0,,,
428029,-0.05,0.93,0.34,0,,,
428033,-0.05,0.93,0.34,0,,,
428037,-0.05,0.93,0.34,0,,,
428090,-0.29,0.88,0.73,0,,,
428094,-0.29,0.88,0.73,0,,,
428099,-0.29,0.88,0.73,0,,,
428103,-0.29,0.88,0.64,0,,,
428107,-0.44,1.03,0.64,0,,,
428111,-0.44,1.03,0.64,0,,,
428116,-0.44,1.03,0.64,0,,,
428120,-0.44,1.03,0.64,0,,,
428124,-0.34,0.78,0.78,0,,,
428129,-0.34,0.78,0.78,0,,,
428133,-0.34,0.78,0.78,0,,,
428138,-0.34,0.78,0.78,0,,,
428142,-0.34,0.98,0.83,0,,,
428147,-0.2,0.98,0.83,0,,,
428151,-0.2,0.98,0.83,0,,,
428155,-0.2,0.98,0.83,0,,,
428160,-0.2,0.98,0.83,0,,,
428164,-0.2,1.17,0.93,0,,,
428168,-0.2,1.17,0.93,0,,,
428173,-0.2,1.17,0.93,0,,,
428177,-0.2,1.17,0.93,0,,,
428181,-0.24,0.88,0.98,0,,,
428186,-0.24,0.88,0.98,0,,,
428190,-0.24,0.88,0.98,0,,,
428194,-0.24,0.88,0.98,0,,,
428199,-0.24,0.88,0.88,0,,,
428203,-0.29,0.88,0.88,0,,,
428207,-0.29,0.88,0.88,0,,,
428212,-0.29,0.88,0.88,0,,,
428216,-0.29,0.88,0.88,0,,,
428221,-0.2,0.78,0.93,0,,,
428225,-0.2,0.78,0.93,0,,,
428229,-0.2,0.78,0.93,0,,,
428234,-0.2,0.78,0.93,0,,,
428238,-0.2,0.73,0.83,0,,,
428242,-0.2,0.73,0.83,0,,,
428247,-0.2,0.73,0.83,0,,,
428251,-0.2,0.73,0.83,0,,,
428255,-0.2,0.73,0.93,0,,,
428260,-0.29,0.68,0.93,0,,,
428264,-0.29,0.68,0.93,0,,,
428268,-0.29,0.68,0.93,0,,,
428273,-0.29,0.68,0.93,0,,,
428277,-0.39,0.68,0.83,0,,,
428281,-0.39,0.68,0.83,0,,,
428286,-0.39,0.68,0.83,0,,,
428290,-0.39,0.68,0.83,0,,,
428294,-0.34,0.68,0.93,0,,,
428299,-0.34,0.68,0.93,0,,,
428303,-0.34,0.68,0.93,0,,,
428307,-0.34,0.68,0.93,0,,,
428312,-0.34,0.68,1.03,0,,,
428316,-0.34,0.64,1.03,0,,,
428320,-0.34,0.64,1.03,0,,,
428325,-0.34,0.64,1.03,0,,,
428329,-0.34,0.64,1.03,0,,,
428333,-0.29,0.59,1.32,0,,,
428338,-0.29,0.59,1.32,0,,,
428342,-0.29,0.59,1.32,0,,,
428346,-0.29,0.59,1.32,0,,,
428351,-0.29,0.59,1.03,0,,,
428355,-0.29,0.73,1.03,0,,,
428359,-0.29,0.73,1.03,0,,,
428364,-0.29,0.73,1.03,0,,,
428368,-0.29,0.73,1.03,0,,,
428372,-0.29,0.68,1.17,0,,,
428377,-0.29,0.68,1.17,0,,,
428381,-0.29,0.68,1.17,0,,,
428385,-0.29,0.68,1.17,0,,,
428390,-0.49,0.83,0.78,0,,,
428394,-0.49,0.83,0.78,0,,,
428398,-0.49,0.83,0.78,0,,,
428403,-0.49,0.83,0.78,0,,,
428407,-0.49,0.83,0.93,0,,,
428411,-0.54,0.73,0.93,0,,,
428416,-0.54,0.73,0.93,0,,,
428420,-0.54,0.73,0.93,0,,,
428424,-0.54,0.73,0.93,0,,,
428429,-0.54,0.88,0.64,0,,,
428433,-0.54,0.88,0.64,0,,,
428437,-0.54,0.88,0.64,0,,,
428442,-0.54,0.88,0.64,0,,,
428446,-0.54,0.68,0.83,0,,,
428450,-0.39,0.68,0.83,0,,,
428455,-0.39,0.68,0.83,0,,,
428459,-0.39,0.68,0.83,0,,,
428463,-0.39,0.68,0.05,0,,,
428468,-0.78,0.78,0.68,0,,,
428472,-0.78,0.78,0.68,0,,,
428476,-0.78,0.78,0.68,0,,,
428481,-0.78,0.78,0.68,0,,,
428485,-0.68,0.73,0.83,0,,,
428489,-0.68,0.73,0.83,0,,,
428493,-0.68,0.73,0.83,0,,,
428498,-0.68,0.73,0.83,0,,,
428502,-0.68,0.73,0.98,0,,,
428506,-0.83,0.73,0.98,0,,,
428510,-0.83,0.73,0.98,0,,,
428515,-0.83,0.73,0.98,0,,,
428519,-0.83,0.73,0.98,0,,,
428524,-0.64,0.68,0.83,0,,,
428528,-0.64,0.68,0.83,0,,,
428532,-0.64,0.68,0.83,0,,,
428539,-0.64,0.68,0.83,0,,,
428543,-0.93,0.64,0.59,0,,,
428548,-0.93,0.64,0.59,0,,,
428552,-0.93,0.64,0.59,0,,,
428556,-0.93,0.64,0.59,0,,,
428561,-0.98,0.54,0.59,0,,,
428565,-0.98,0.54,0.59,0,,,
428570,-0.98,0.54,0.59,0,,,
428574,-0.98,0.54,0.59,0,,,
428579,-0.98,0.54,0.59,0,,,
428583,-1.03,0.54,0.59,0,,,
428588,-1.03,0.54,0.59,0,,,
428596,-1.03,0.54,0.59,0,,,
428600,-0.88,0.49,0.88,0,,,
428604,-0.88,0.49,0.88,0,,,
428609,-0.88,0.49,0.88,0,,,
428613,-0.88,0.49,0.88,0,,,
428617,-0.93,0.64,0.64,0,,,
428622,-0.93,0.64,0.64,0,,,
428626,-0.93,0.64,0.64,0,,,
428631,-0.93,0.64,0.64,0,,,
428635,-0.93,0.64,0.78,0,,,
428639,-1.07,0.68,0.78,0,,,
428644,-1.07,0.68,0.78,0,,,
428648,-1.07,0.68,0.78,0,,,
428652,-1.07,0.68,0.78,0,,,
428657,-0.98,0.49,1.27,0,,,
428661,-0.98,0.49,1.27,0,,,
428665,-0.98,0.49,1.27,0,,,
428670,-0.98,0.49,1.27,0,,,
428674,-0.2,0.05,1.17,0,,,
428678,-0.78,0.05,1.17,0,,,
428683,-0.78,0.05,1.17,0,,,
428687,-0.78,0.05,1.17,0,,,
429685,-0.39,0.59,0.88,0,,,
429690,-0.39,0.59,0.88,0,,,
430400,0.39,0.2,0.34,262,,,
430404,0.83,0.54,0.05,324,,,
430408,0.83,0.54,0.05,289,,,
430412,0.83,0.54,0.05,294,,,
430417,0.83,0.54,0.05,372,,,
430421,0.05,1.22,-0.05,325,,,
430425,0.68,1.22,-0.05,272,,,
430429,0.68,1.22,-0.05,248,,,
430434,0.68,1.22,-0.05,322,,,
430438,0.68,1.22,-0.05,212,,,
430442,0.64,1.42,-0.2,275,,,
430447,0.64,1.42,-0.2,323,,,
430451,0.64,1.42,-0.2,240,,,
430455,0.64,1.42,-0.2,257,,,
430460,0.54,1.17,-0.15,298,,,
430464,0.54,1.17,-0.15,366,,,
430468,0.54,1.17,-0.15,273,,,
430473,0.54,1.17,-0.15,291,,,
430478,0.54,0.88,-0.78,281,,,
430482,0.49,0.88,-0.78,256,,,
430487,0.49,0.88,-0.78,281,,,
430491,0.49,0.88,-0.78,249,,,
430495,0.49,0.88,-0.78,241,,,
430499,0.29,0.83,-0.49,114,,,
430504,0.29,0.83,-0.49,169,,,
430511,0.29,0.83,-0.49,176,,,
430515,0.29,0.83,-0.44,171,,,
430520,0.59,0.73,-0.44,158,,,
430524,0.59,0.73,-0.44,155,,,
430528,0.59,0.73,-0.44,121,,,
430533,0.59,0.73,-0.44,131,,,
430537,0.39,0.83,-0.24,143,,,
430541,0.39,0.83,-0.24,162,,,
430546,0.39,0.83,-0.24,81,,,
430550,0.39,0.83,-0.24,72,,,
430554,0.2,0.88,-0.54,82,,,
430559,0.2,0.88,-0.54,38,,,
430563,0.2,0.88,-0.54,48,,,
430567,0.2,0.88,-0.54,46,,,
430572,0.2,0.88,-0.05,47,,,
430576,0,0.64,-0.05,32,,,
430580,0,0.64,-0.05,27,,,
430585,0,0.64,-0.05,17,,,
430589,0,0.64,-0.05,16,,,
430593,0,0.78,-0.05,6,,,
430598,0,0.78,-0.05,7,,,
430602,0,0.78,-0.05,16,,,
430606,0,0.78,-0.05,10,,,
430611,0,0.78,-0.15,0,,,
430615,0.05,1.17,-0.15,0,,,
430619,0.05,1.17,-0.15,0,,,
430624,0.05,1.17,-0.15,0,,,
430628,0.05,1.17,-0.15,0,,,
430632,-0.05,0.88,-0.1,0,,,
430637,-0.05,0.88,-0.1,0,,,
430641,-0.05,0.88,-0.1,0,,,
430645,-0.05,0.88,-0.1,0,,,
430650,-0.05,0.73,0.2,0,,,
430654,-0.05,0.73,0.2,0,,,
430658,-0.05,0.73,0.2,0,,,
430663,-0.05,0.73,0.2,0,,,
430667,-0.05,0.73,0.39,0,,,
430671,-0.15,0.88,0.39,0,,,
430676,-0.15,0.88,0.39,0,,,
430680,-0.15,0.88,0.39,0,,,
430684,-0.15,0.88,0.39,0,,,
430688,-0.2,0.68,0.15,0,,,
430693,-0.2,0.68,0.15,0,,,
430697,-0.2,0.68,0.15,0,,,
430701,-0.2,0.68,0.15,0,,,
430734,-0.34,0.64,0.59,0,,,
430738,-0.34,0.64,0.59,0,,,
430743,-0.34,0.64,0.59,0,,,
430747,-0.2,0.59,0.59,0,,,
430751,-0.2,0.59,0.59,0,,,
430756,-0.2,0.59,0.59,0,,,
430760,-0.2,0.59,0.59,0,,,
430765,-0.24,0.83,0.64,0,,,
430769,-0.24,0.83,0.64,0,,,
430773,-0.24,0.83,0.64,0,,,
430778,-0.24,0.83,0.64,0,,,
430782,-0.24,0.88,0.59,0,,,
430786,-0.29,0.88,0.59,0,,,
430791,-0.29,0.88,0.59,0,,,
430795,-0.29,0.88,0.59,0,,,
430799,-0.29,0.88,1.37,0,,,
430806,-0.2,0.54,0.78,0,,,
430810,-0.2,0.54,0.78,0,,,
430814,-0.2,0.54,0.78,0,,,
430819,-0.2,0.54,0.83,0,,,
430823,-0.29,0.44,0.83,0,,,
430827,-0.29,0.44,0.83,0,,,
430832,-0.29,0.44,0.83,0,,,
430836,-0.29,0.44,0.83,0,,,
430841,-0.34,0.49,1.07,0,,,
430845,-0.34,0.49,1.07,0,,,
430849,-0.34,0.49,1.07,0,,,
430854,-0.34,0.49,1.07,0,,,
430858,-0.34,0.64,0.93,0,,,
430862,-0.34,0.64,0.93,0,,,
430867,-0.34,0.64,0.93,0,,,
430871,-0.34,0.64,0.93,0,,,
430876,-0.34,0.64,0.68,0,,,
430880,-0.34,0.83,0.68,0,,,
430884,-0.34,0.83,0.68,0,,,
430889,-0.34,0.83,0.68,0,,,
430893,-0.34,0.83,0.68,0,,,
430897,-0.54,0.49,0.78,0,,,
430902,-0.54,0.49,0.78,0,,,
430906,-0.54,0.49,0.78,0,,,
430910,-0.54,0.49,0.78,0,,,
430915,-0.54,0.64,1.03,0,,,
430919,-0.34,0.64,1.03,0,,,
430923,-0.34,0.64,1.03,0,,,
430928,-0.34,0.64,1.03,0,,,
430932,-0.34,0.64,1.03,0,,,
430937,-0.54,0.73,0.98,0,,,
430941,-0.54,0.73,0.98,0,,,
430945,-0.54,0.73,0.98,0,,,
430950,-0.54,0.73,0.98,0,,,
430954,-0.59,0.59,1.03,0,,,
430958,-0.59,0.59,1.03,0,,,
430963,-0.59,0.59,1.03,0,,,
430967,-0.59,0.59,1.03,0,,,
430971,-0.59,0.59,0.98,0,,,
430976,-0.44,0.59,0.98,0,,,
430980,-0.44,0.59,0.98,0,,,
430985,-0.44,0.59,0.98,0,,,
430989,-0.44,0.59,0.98,0,,,
430993,-0.39,0.64,0.93,0,,,
430998,-0.39,0.64,0.93,0,,,
431002,-0.39,0.64,0.93,0,,,
431006,-0.39,0.64,0.93,0,,,
431010,-0.39,0.68,0.93,0,,,
431015,-0.39,0.68,0.93,0,,,
431019,-0.39,0.68,0.93,0,,,
431023,-0.39,0.68,0.93,0,,,
431028,-0.39,0.68,0.73,0,,,
431032,-0.54,0.88,0.73,0,,,
431036,-0.54,0.88,0.73,0,,,
431041,-0.54,0.88,0.73,0,,,
431045,-0.54,0.88,0.73,0,,,
431049,-0.39,0.78,0.78,0,,,
431054,-0.39,0.78,0.78,0,,,
431058,-0.39,0.78,0.78,0,,,
431062,-0.39,0.78,0.78,0,,,
431067,-0.39,0.68,0.78,0,,,
431071,-0.64,0.68,0.78,0,,,
431075,-0.64,0.68,0.78,0,,,
431080,-0.64,0.68,0.78,0,,,
431084,-0.64,0.68,0,0,,,
431088,-0.59,0.78,0.54,0,,,
431093,-0.59,0.78,0.54,0,,,
431097,-0.59,0.78,0.54,0,,,
431101,-0.59,0.78,0.54,0,,,
431106,-0.73,0.59,0.73,0,,,
431110,-0.73,0.59,0.73,0,,,
431114,-0.73,0.59,0.73,0,,,
431119,-0.73,0.59,0.73,0,,,
431123,-0.73,0.59,0.49,0,,,
431127,-0.64,0.68,0.49,0,,,
431132,-0.64,0.68,0.49,0,,,
431136,-0.64,0.68,0.49,0,,,
431141,-0.64,0.68,0.49,0,,,
431145,-0.64,0.59,0.59,0,,,
431149,-0.64,0.59,0.59,0,,,
431154,-0.64,0.59,0.59,0,,,
431158,-0.64,0.59,0.59,0,,,
431162,-0.59,0.68,0.54,0,,,
431167,-0.59,0.68,0.54,0,,,
431171,-0.59,0.68,0.54,0,,,
431176,-0.59,0.68,0.54,0,,,
431180,-0.59,0.68,0.64,0,,,
431184,-0.68,0.54,0.64,0,,,
431189,-0.68,0.54,0.64,0,,,
431193,-0.68,0.54,0.64,0,,,
431197,-0.68,0.54,0.64,0,,,
431202,-0.59,0.78,0.68,0,,,
431207,-0.59,0.78,0.68,0,,,
431211,-0.59,0.78,0.68,0,,,
431216,-0.59,0.78,0.68,0,,,
431220,-0.64,0.64,0.68,0,,,
431224,-0.64,0.64,0.68,0,,,
431229,-0.64,0.64,0.68,0,,,
431233,-0.64,0.64,0.68,0,,,
431237,-0.64,0.88,0.49,0,,,
431242,-0.78,0.88,0.49,0,,,
431246,-0.78,0.88,0.49,0,,,
431250,-0.78,0.88,0.49,0,,,
431255,-0.78,0.88,0.49,0,,,
431259,-0.68,0.54,0.44,0,,,
431263,-0.68,0.54,0.44,0,,,
431268,-0.68,0.54,0.44,0,,,
431272,-0.68,0.54,0.44,0,,,
431276,-0.68,0.54,0.59,0,,,
431281,-0.68,0.54,0.59,0,,,
431285,-0.68,0.54,0.59,0,,,
431289,-0.68,0.54,0.59,0,,,
431294,-0.68,0.54,0.59,0,,,
431298,-0.78,0.49,0.59,0,,,
431302,-0.78,0.49,0.59,0,,,
431307,-0.78,0.49,0.59,0,,,
431311,-0.78,0.49,0.59,0,,,
431315,-0.68,0.44,0.59,0,,,
431320,-0.68,0.44,0.59,0,,,
431324,-0.68,0.44,0.59,0,,,
431328,-0.68,0.44,0.59,0,,,
431333,-0.83,0.39,0.88,0,,,
431337,-0.83,0.39,0.88,0,,,
431341,-0.83,0.39,0.88,0,,,
431346,-0.83,0.39,0.88,0,,,
431350,-0.83,0.39,0.83,0,,,
431355,-0.83,0.54,0.83,0,,,
431359,-0.83,0.54,0.83,0,,,
431363,-0.83,0.54,0.83,0,,,
431368,-0.83,0.54,0.83,0,,,
431372,-0.78,0.49,0.98,0,,,
431376,-0.78,0.49,0.98,0,,,
431381,-0.78,0.49,0.98,0,,,
431385,-0.78,0.49,0.98,0,,,
431389,-1.56,0.49,0.98,0,,,
431394,-0.98,0.2,0.98,0,,,
431398,-0.98,0.2,0.98,0,,,
431402,-0.98,0.2,0.98,0,,,
431406,-0.98,0.2,0.98,0,,,
431411,-0.83,0.29,0.83,0,,,
431415,-0.83,0.29,0.83,0,,,
431419,-0.83,0.29,0.83,0,,,
431424,-0.83,0.29,0.83,0,,,
431428,-0.88,0.2,1.27,0,,,
431432,-0.88,0.2,1.27,0,,,
431436,-0.88,0.2,1.27,0,,,
431441,-0.88,0.2,1.27,0,,,
431445,-0.88,0.2,1.27,0,,,
431449,-1.03,0.05,1.27,0,,,
431454,-1.03,0.05,1.27,0,,,
431458,-1.03,0.05,1.27,0,,,
431463,-1.03,0.05,1.27,0,,,
431467,-1.03,-0.05,1.22,0,,,
431471,-1.03,-0.05,1.22,0,,,
431476,-1.03,-0.05,1.22,0,,,
431480,-1.03,-0.05,1.22,0,,,
431484,-1.03,-0.05,1.37,0,,,
431489,-0.88,-0.05,1.37,0,,,
431493,-0.88,-0.05,1.37,0,,,
431497,-0.88,-0.05,1.37,0,,,
431502,-0.88,-0.05,2.15,0,,,
431506,-1.17,-0.24,1.61,0,,,
431510,-1.17,-0.24,1.61,0,,,
431515,-1.17,-0.24,1.61,0,,,
431519,-1.17,-0.24,1.61,0,,,
431570,-2.44,-0.93,2.64,0,,,
431574,-2.44,-0.93,2.64,0,,,
431578,-2.44,-0.93,2.64,0,,,
431583,-2.69,-0.93,2.64,0,,,
431587,-2.69,-0.93,2.64,0,,,
431592,-2.69,-0.93,2.64,0,,,
431596,-2.69,-0.93,2.64,0,,,
431600,-2.05,-0.64,2.54,0,,,
431605,-2.05,-0.64,2.54,0,,,
431609,-2.05,-0.64,2.54,0,,,
431613,-2.05,-0.64,2.54,118,,,
431621,-1.07,-1.76,2.98,417,,,
431625,-1.07,-1.76,2.98,421,,,
431630,-1.07,-1.76,2.98,0,,,
431634,-1.07,-1.76,2.98,3828,,,
431638,4.1,-4.01,4.15,4095,,,
431643,4.1,-4.01,4.15,4095,,,
431647,4.1,-4.01,4.15,4095,,,
431652,4.1,-4.01,4.15,4095,,,
431656,7.52,14.8,-31.31,4095,,,
431660,7.52,14.8,-31.31,4095,,,
431665,7.52,14.8,-31.31,4095,,,
431669,7.52,14.8,-31.31,4095,,,
431673,7.52,14.8,1.95,4095,,,
431677,7.87,-1.81,1.95,4095,,,
431682,7.87,-1.81,1.95,4095,,,
431686,7.87,-1.81,1.95,4095,,,
431690,7.87,-1.81,1.95,4095,,,
431694,-3.37,-5.76,1.81,4095,,,
431699,-3.37,-5.76,1.81,4051,,,
431703,-3.37,-5.76,1.81,3980,,,
431721,0.59,-0.05,0.24,2807,,,
431725,0.59,-0.05,0.24,2189,,,
431730,0.59,-0.05,2.49,1616,,,
431734,0.98,0.05,2.49,1168,,,
431738,0.98,0.05,2.49,1061,,,
431743,0.98,0.05,2.49,1035,,,
431747,0.98,0.05,2.49,1501,,,
431751,-0.1,-1.03,3.03,1673,,,
431756,-0.1,-1.03,3.03,1559,,,
431760,-0.1,-1.03,3.03,1279,,,
431764,-0.1,-1.03,3.03,693,,,
431769,-0.1,-0.24,1.12,651,,,
431773,0.83,-0.49,1.12,368,,,
431777,0.83,-0.49,1.12,289,,,
431782,0.83,-0.49,1.12,288,,,
431786,0.83,-0.49,1.12,333,,,
431790,0.68,-0.05,0.54,272,,,
431795,0.68,-0.05,0.54,266,,,
431799,0.68,-0.05,0.54,190,,,
431803,0.68,-0.05,0.54,308,,,
431807,0.68,0.54,-0.1,240,,,
431812,0.73,0.54,-0.1,454,,,
431816,0.73,0.54,-0.1,393,,,
431820,0.73,0.54,-0.1,326,,,
431825,0.73,0.54,-0.1,407,,,
431829,0.64,1.17,-0.29,362,,,
431833,0.64,1.17,-0.29,289,,,
431838,0.64,1.17,-0.29,208,,,
431842,0.64,1.17,-0.29,258,,,
431846,0.68,1.42,0.05,304,,,
431851,0.68,1.42,0.05,258,,,
431855,0.68,1.42,0.05,254,,,
431859,0.68,1.42,0.05,207,,,
431863,0.68,1.42,-0.59,246,,,
431868,0.83,1.42,-0.59,298,,,
431872,0.83,1.42,-0.59,323,,,
431876,0.83,1.42,-0.59,366,,,
431881,0.83,1.42,-0.59,351,,,
431885,0.59,0.98,-0.78,293,,,
431889,0.59,0.98,-0.78,334,,,
431893,0.59,0.98,-0.78,291,,,
431900,0.59,0.98,-0.78,229,,,
431904,0.34,0.59,-0.59,241,,,
431909,0.34,0.59,-0.59,225,,,
431913,0.34,0.59,-0.59,295,,,
431917,0.34,0.59,-0.59,220,,,
431922,0.29,0.73,-0.44,197,,,
431926,0.29,0.73,-0.44,208,,,
431930,0.29,0.73,-0.44,186,,,
431934,0.29,0.73,-0.44,189,,,
431939,0.29,0.73,-0.24,171,,,
431943,0.05,0.68,-0.24,146,,,
431947,0.05,0.68,-0.24,144,,,
431952,0.05,0.68,-0.24,129,,,
431956,0.05,0.68,-0.24,129,,,
431960,-0.05,0.93,-0.29,130,,,
431965,-0.05,0.93,-0.29,126,,,
431969,-0.05,0.93,-0.29,107,,,
431974,-0.05,0.93,-0.29,105,,,
431978,0.73,0.78,0.2,112,,,
431982,0.1,0.78,0.2,91,,,
431986,0.1,0.78,0.2,103,,,
431991,0.1,0.78,0.2,98,,,
431995,0.1,0.78,0.2,75,,,
431999,0.2,0.98,0,79,,,
432003,0.2,0.98,0,69,,,
432008,0.2,0.98,0,65,,,
432012,0.2,0.98,0,27,,,
432016,-0.59,0.83,0,15,,,
432021,-0.05,0.83,0,6,,,
432025,-0.05,0.83,0,13,,,
432029,-0.05,0.83,0,0,,,
432034,-0.05,0.83,0.05,0,,,
432038,-0.1,0.88,0.05,0,,,
432042,-0.1,0.88,0.05,0,,,
432047,-0.1,0.88,0.05,0,,,
432051,-0.1,0.88,0.05,0,,,
432055,-0.05,0.93,0.24,0,,,
432060,-0.05,0.93,0.24,0,,,
432064,-0.05,0.93,0.24,0,,,
432068,-0.05,0.93,0.24,0,,,
432073,-0.05,0.93,0.34,0,,,
432077,-0.1,0.88,0.34,0,,,
432082,-0.1,0.88,0.34,0,,,
432086,-0.1,0.88,0.34,0,,,
432090,-0.1,0.88,0.34,0,,,
432095,-0.2,0.98,0.39,0,,,
432099,-0.2,0.98,0.39,0,,,
432103,-0.2,0.98,0.39,0,,,
432108,-0.2,0.98,0.39,0,,,
432112,-0.39,0.88,0.44,0,,,
432116,-0.39,0.88,0.44,0,,,
432121,-0.39,0.88,0.44,0,,,
432125,-0.39,0.88,0.44,0,,,
432129,-0.39,0.88,0.78,0,,,
432134,-0.29,0.73,0.78,0,,,
432138,-0.29,0.73,0.78,0,,,
432142,-0.29,0.73,0.78,0,,,
432146,-0.29,0.73,0.78,0,,,
432151,-0.34,0.88,0.78,0,,,
432155,-0.34,0.88,0.78,0,,,
432159,-0.34,0.88,0.78,0,,,
432164,-0.34,0.88,0.78,0,,,
432168,-0.34,0.68,0.88,0,,,
432172,-0.24,0.68,0.88,0,,,
432176,-0.24,0.68,0.88,0,,,
432181,-0.24,0.68,0.88,0,,,
432185,-0.24,0.68,0.88,0,,,
432189,-0.24,0.39,0.88,0,,,
432193,-0.24,0.39,0.88,0,,,
432202,-0.24,0.39,0.88,0,,,
432207,-0.39,0.49,1.07,0,,,
432211,-0.39,0.49,1.07,0,,,
432215,-0.39,0.49,1.07,0,,,
432220,-0.39,0.49,1.07,0,,,
432224,-0.39,0.49,1.12,0,,,
432228,-0.29,0.68,1.12,0,,,
432233,-0.29,0.68,1.12,0,,,
432237,-0.29,0.68,1.12,0,,,
432241,-0.29,0.68,1.12,0,,,
432246,-0.49,0.64,1.03,0,,,
432250,-0.49,0.64,1.03,0,,,
432254,-0.49,0.64,1.03,0,,,
432259,-0.49,0.64,1.03,0,,,
432263,-0.49,0.49,0.98,0,,,
432268,-0.24,0.49,0.98,0,,,
432272,-0.24,0.49,0.98,0,,,
432276,-0.24,0.49,0.98,0,,,
432281,-0.24,0.49,1.17,0,,,
432285,-0.54,0.54,1.17,0,,,
432289,-0.54,0.54,1.17,0,,,
432294,-0.54,0.54,1.17,0,,,
432298,-0.54,0.54,1.17,0,,,
432302,-0.68,0.59,0.98,0,,,
432307,-0.68,0.59,0.98,0,,,
432311,-0.68,0.59,0.98,0,,,
432315,-0.68,0.59,0.98,0,,,
432351,-0.64,0.54,1.12,0,,,
432356,-0.64,0.54,1.12,0,,,
432360,-0.49,0.64,1.12,0,,,
432364,-0.49,0.64,1.12,0,,,
432369,-0.49,0.64,1.12,0,,,
432373,-0.49,0.64,1.12,0,,,
432377,-0.68,0.54,0.98,0,,,
432382,-0.68,0.54,0.98,0,,,
432386,-0.68,0.54,0.98,0,,,
432390,-0.68,0.54,0.98,0,,,
432395,-0.68,0.54,1.07,0,,,
432399,-0.68,0.59,1.07,0,,,
432403,-0.68,0.59,1.07,0,,,
432408,-0.68,0.59,1.07,0,,,
432412,-0.68,0.59,1.07,0,,,
432417,-0.64,0.68,0.83,0,,,
432421,-0.64,0.68,0.83,0,,,
432425,-0.64,0.68,0.83,0,,,
432430,-0.64,0.68,0.83,0,,,
432434,-0.64,0.64,0.83,0,,,
432438,-0.64,0.64,0.83,0,,,
432442,-0.64,0.64,0.83,0,,,
432447,-0.64,0.64,0.83,0,,,
432451,-0.64,0.64,0.83,0,,,
432455,-0.54,0.49,0.88,0,,,
432460,-0.54,0.49,0.88,0,,,
432464,-0.54,0.49,0.88,0,,,
432468,-0.54,0.49,0.88,0,,,
432473,-0.68,0.83,0.88,0,,,
432477,-0.68,0.83,0.88,0,,,
432482,-0.68,0.83,0.88,0,,,
432486,-0.68,0.83,0.88,0,,,
432490,-0.68,0.83,0.98,0,,,
432495,-0.68,0.88,0.98,0,,,
432499,-0.68,0.88,0.98,0,,,
432503,-0.68,0.88,0.98,0,,,
432508,-0.68,0.88,0.98,0,,,
432512,-0.54,0.59,0.93,0,,,
432516,-0.54,0.59,0.93,0,,,
432520,-0.54,0.59,0.93,0,,,
432525,-0.54,0.59,0.93,0,,,
432529,-0.49,0.73,0.78,0,,,
432533,-0.49,0.73,0.78,0,,,
432538,-0.49,0.73,0.78,0,,,
432542,-0.49,0.73,0.78,0,,,
432546,-0.49,0.73,0.78,0,,,
432551,-0.59,0.68,0.78,0,,,
432555,-0.59,0.68,0.78,0,,,
432559,-0.59,0.68,0.78,0,,,
432563,-0.59,0.68,0.78,0,,,
432581,-0.64,0.68,0.59,0,,,
432585,-0.64,0.68,0.78,0,,,
432589,-0.64,0.68,0.78,0,,,
432615,-0.54,0.73,0.54,0,,,
432619,-0.54,0.73,0.54,0,,,
432623,-0.54,0.73,0.54,0,,,
432628,-0.49,0.68,0.54,0,,,
432632,-0.49,0.68,0.54,0,,,
432636,-0.49,0.68,0.54,0,,,
432641,-0.49,0.68,0.54,0,,,
432645,-0.78,0.78,0.39,0,,,
432649,-0.78,0.78,0.39,0,,,
432654,-0.78,0.78,0.39,0,,,
432658,-0.78,0.78,0.39,0,,,
432662,-0.78,0.73,0.44,0,,,
432667,-0.78,0.73,0.44,0,,,
432671,-0.78,0.73,0.44,0,,,
432675,-0.78,0.73,0.44,0,,,
432680,-0.78,0.73,0.44,0,,,
432684,-0.78,0.49,0.44,0,,,
432688,-0.78,0.49,0.44,0,,,
432693,-0.78,0.49,0.44,0,,,
432697,-0.78,0.49,0.44,0,,,
432702,-0.83,0.68,0.64,0,,,
432706,-0.83,0.68,0.64,0,,,
432710,-0.83,0.68,0.64,0,,,
432715,-0.83,0.68,0.64,0,,,
432719,-0.93,0.59,0.54,0,,,
432723,-0.93,0.59,0.54,0,,,
432727,-0.93,0.59,0.54,0,,,
432732,-0.93,0.59,0.54,0,,,
432736,-0.93,0.59,0.54,0,,,
432740,-1.07,0.64,0.64,0,,,
432745,-1.07,0.64,0.64,0,,,
432749,-1.07,0.64,0.64,0,,,
432753,-1.07,0.64,0.64,0,,,
432758,-0.93,0.64,0.49,0,,,
432762,-0.93,0.64,0.49,0,,,
432766,-0.93,0.64,0.49,0,,,
432771,-0.93,0.64,0.49,0,,,
432775,-0.93,0.64,0.98,0,,,
432779,-0.78,0.39,0.98,0,,,
432784,-0.78,0.39,0.98,0,,,
432788,-0.78,0.39,0.98,0,,,
432792,-0.78,0.39,0.98,0,,,
432797,-0.78,0.34,1.03,0,,,
432801,-0.78,0.34,1.03,0,,,
432805,-0.78,0.34,1.03,0,,,
432810,-0.78,0.34,1.03,0,,,
432814,-0.88,0.15,0.98,0,,,
432818,-0.88,0.15,0.98,0,,,
432823,-0.88,0.15,0.98,0,,,
432827,-0.88,0.15,0.98,0,,,
432831,-0.88,0.15,0.88,0,,,
432835,-0.98,0.44,0.88,0,,,
432840,-0.98,0.44,0.88,0,,,
432844,-0.98,0.44,0.88,0,,,
432848,-0.98,0.44,0.88,0,,,
432852,-1.12,0.1,1.22,0,,,
432857,-1.12,0.1,1.22,0,,,
432861,-1.12,0.1,1.22,0,,,
432865,-1.12,0.1,1.22,0,,,
432869,-1.12,0.1,1.47,0,,,
432874,-1.03,0.1,1.47,0,,,
432953,-2.74,-0.93,2.64,0,,,
432957,-2.74,-0.93,2.64,0,,,
432962,-2.74,-0.93,2.64,0,,,
432966,-2.74,-1.17,2.74,0,,,
432970,-2.74,-1.17,2.74,0,,,
432974,-2.74,-1.17,2.74,0,,,
432979,-2.74,-1.17,2.74,0,,,
432983,-2.74,-1.17,2.34,0,,,
432987,-2.44,-0.73,2.34,0,,,
432992,-2.44,-0.73,2.34,0,,,
432996,-2.44,-0.73,2.34,0,,,
433087,4.15,-3.57,3.32,4095,,,
433092,4.15,-3.57,3.32,4095,,,
433096,4.15,-3.57,3.32,4093,,,
433100,-1.17,-3.81,-2.64,4016,,,
433105,-1.17,-3.81,-2.64,3766,,,
433109,-1.17,-3.81,-2.64,3715,,,
433114,-1.17,-3.81,-2.64,3431,,,
433118,-0.05,0.44,0.59,2699,,,
433123,-0.05,0.44,0.59,2236,,,
433127,-0.05,0.44,0.59,1519,,,
433131,-0.05,0.44,0.59,912,,,
433136,-0.05,0.44,3.81,1154,,,
433140,-0.24,0.24,3.81,1763,,,
433144,-0.24,0.24,3.81,2000,,,
433149,-0.24,0.24,3.81,1920,,,
433153,-0.24,0.24,3.81,1271,,,
433157,0.49,-1.17,1.37,528,,,
433162,0.49,-1.17,1.37,177,,,
433166,0.49,-1.17,1.37,139,,,
433170,0.49,-1.17,1.37,183,,,
433175,0.49,-0.44,0.54,157,,,
433179,0.2,-0.44,0.54,234,,,
433183,0.2,-0.44,0.54,163,,,
433187,0.2,-0.44,0.54,129,,,
433192,0.2,-0.44,-0.24,170,,,
433196,0.49,0.44,-0.64,123,,,
433200,0.49,0.44,-0.64,69,,,
433205,0.49,0.44,-0.64,131,,,
433209,0.49,0.44,-0.64,112,,,
433213,0.64,1.07,-0.2,143,,,
433218,0.64,1.07,-0.2,74,,,
433222,0.64,1.07,-0.2,85,,,
433226,0.64,1.07,-0.2,194,,,
433231,0.64,1.07,-0.15,74,,,
433235,0.59,1.42,-0.15,0,,,
433239,0.59,1.42,-0.15,16,,,
433244,0.59,1.42,-0.15,2,,,
433248,0.59,1.42,-0.15,52,,,
433252,0.78,1.47,-0.29,29,,,
433257,0.78,1.47,-0.29,69,,,
433261,0.78,1.47,-0.29,66,,,
433265,0.78,1.47,-0.29,70,,,
433301,0.68,0.78,-0.44,45,,,
433305,0.68,0.78,-0.44,5,,,
433310,0.34,0.88,-0.54,0,,,
433314,0.34,0.88,-0.54,0,,,
433318,0.34,0.88,-0.54,0,,,
433323,0.34,0.88,-0.54,0,,,
433327,0.1,0.78,-0.44,0,,,
433331,0.1,0.78,-0.44,3,,,
433336,0.1,0.78,-0.44,0,,,
433340,0.1,0.78,-0.44,0,,,
433345,0.1,0.78,-0.39,14,,,
433349,0.2,0.98,-0.39,0,,,
433353,0.2,0.98,-0.39,0,,,
433358,0.2,0.98,-0.39,0,,,
433362,0.2,0.98,-0.39,0,,,
433367,0.2,1.03,-0.34,0,,,
433371,0.2,1.03,-0.34,0,,,
433375,0.2,1.03,-0.34,0,,,
433379,0.2,1.03,-0.34,0,,,
433384,-0.24,0.93,-0.29,0,,,
433388,-0.24,0.93,-0.29,0,,,
433393,-0.24,0.93,-0.29,0,,,
433397,-0.24,0.93,-0.29,0,,,
433401,-0.24,0.93,-0.2,0,,,
433406,-0.39,0.83,-0.2,0,,,
433410,-0.39,0.83,-0.2,0,,,
433414,-0.39,0.83,-0.2,0,,,
433419,-0.39,0.83,-0.2,0,,,
433423,-0.1,0.83,-0.15,0,,,
433428,-0.1,0.83,-0.15,0,,,
433432,-0.1,0.83,-0.15,0,,,
433436,-0.1,0.83,-0.15,0,,,
433441,-0.1,0.88,0.05,0,,,
433445,-0.1,0.88,0.05,0,,,
433450,-0.1,0.88,0.05,0,,,
433454,-0.1,0.88,0.05,0,,,
433458,-0.1,0.88,0.2,0,,,
433463,-0.44,0.93,0.2,0,,,
433467,-0.44,0.93,0.2,0,,,
433471,-0.44,0.93,0.2,0,,,
433476,-0.44,0.93,0.2,0,,,
433480,-0.39,1.07,0.24,0,,,
433485,-0.39,1.07,0.24,0,,,
433489,-0.39,1.07,0.24,0,,,
433493,-0.39,1.07,0.24,0,,,
433498,-0.29,0.54,0.59,0,,,
433502,-0.29,0.54,0.59,0,,,
433506,-0.29,0.54,0.59,0,,,
433511,-0.29,0.54,0.59,0,,,
433515,-0.29,0.54,0.39,0,,,
433519,-0.24,0.88,0.39,0,,,
433523,-0.24,0.88,0.39,0,,,
433528,-0.24,0.88,0.39,0,,,
433532,-0.24,0.88,0.39,0,,,
433537,-0.39,0.78,0.49,0,,,
433541,-0.39,0.78,0.49,0,,,
433545,-0.39,0.78,0.49,0,,,
433550,-0.39,0.78,0.49,0,,,
433554,-0.39,0.73,0.59,0,,,
433559,-0.29,0.73,0.59,0,,,
433563,-0.29,0.73,0.59,0,,,
433567,-0.29,0.73,0.59,0,,,
433572,-0.29,0.73,1.37,0,,,
433576,-0.34,0.39,0.83,0,,,
433580,-0.34,0.39,0.83,0,,,
433584,-0.34,0.39,0.83,0,,,
433589,-0.34,0.39,0.83,0,,,
433593,-0.39,0.49,0.68,0,,,
433597,-0.39,0.49,0.68,0,,,
433602,-0.39,0.49,0.68,0,,,
433606,-0.39,0.49,0.68,0,,,
433610,-0.39,0.49,0.78,0,,,
433615,-0.49,0.49,0.78,0,,,
433619,-0.49,0.49,0.78,0,,,
433623,-0.49,0.49,0.78,0,,,
433628,-0.49,0.49,0.78,0,,,
433632,-0.2,0.39,1.03,0,,,
433636,-0.2,0.39,1.03,0,,,
433641,-0.2,0.39,1.03,0,,,
433645,-0.2,0.39,1.03,0,,,
433649,-0.2,0.44,1.12,0,,,
433653,-0.44,0.44,1.12,0,,,
433658,-0.44,0.44,1.12,0,,,
433662,-0.44,0.44,1.12,0,,,
433666,-0.44,0.44,1.12,0,,,
433671,-0.49,0.34,0.88,0,,,
433675,-0.49,0.34,0.88,0,,,
433679,-0.49,0.34,0.88,0,,,
433683,-0.49,0.34,0.88,0,,,
433718,-0.44,0.44,0.88,0,,,
433722,-0.44,0.44,0.88,0,,,
433726,-0.44,0.59,1.03,0,,,
433731,-0.44,0.59,1.03,0,,,
433735,-0.44,0.59,1.03,0,,,
433739,-0.44,0.59,1.03,0,,,
433744,-0.44,0.59,0.98,0,,,
433748,-0.49,0.54,0.98,0,,,
433752,-0.49,0.54,0.98,0,,,
433757,-0.49,0.54,0.98,0,,,
433761,-0.49,0.54,0.2,0,,,
433765,-0.39,0.54,0.59,0,,,
433770,-0.39,0.54,0.59,0,,,
433774,-0.39,0.54,0.59,0,,,
433778,-0.39,0.54,0.59,0,,,
433783,-0.44,0.68,0.78,0,,,
433787,-0.44,0.68,0.78,0,,,
433791,-0.44,0.68,0.78,0,,,
433796,-0.44,0.68,0.78,0,,,
433800,-0.44,0.68,0.59,0,,,
433804,-0.54,0.54,0.59,0,,,
433808,-0.54,0.54,0.59,0,,,
433813,-0.54,0.54,0.59,0,,,
433817,-0.54,0.54,0.59,0,,,
433821,-0.59,0.88,0.54,0,,,
433826,-0.59,0.88,0.54,0,,,
433830,-0.59,0.88,0.54,0,,,
433834,-0.59,0.88,0.54,0,,,
433839,-0.59,0.59,0.83,0,,,
433856,-0.54,0.59,0.83,0,,,
433860,-0.54,0.83,0.64,0,,,
433864,-0.54,0.83,0.64,0,,,
433869,-0.54,0.83,0.64,0,,,
433873,-0.54,0.83,0.64,0,,,
433877,-0.54,0.78,0.54,0,,,
433882,-0.54,0.78,0.54,0,,,
433886,-0.54,0.78,0.54,0,,,
433891,-0.54,0.78,0.54,0,,,
433895,-0.54,0.78,0.39,0,,,
433899,-0.64,0.34,0.39,0,,,
433904,-0.64,0.34,0.39,0,,,
433908,-0.64,0.34,0.39,0,,,
433912,-0.64,0.34,0.39,0,,,
433917,-0.44,0.68,0.68,0,,,
433921,-0.44,0.68,0.68,0,,,
433925,-0.44,0.68,0.68,0,,,
433930,-0.44,0.68,0.68,0,,,
433934,-0.44,0.68,0.44,0,,,
433938,-0.54,0.68,0.44,0,,,
433942,-0.54,0.68,0.44,0,,,
433947,-0.54,0.68,0.44,0,,,
433951,-0.54,0.68,0.44,0,,,
433955,-0.39,0.78,0.59,0,,,
433959,-0.39,0.78,0.59,0,,,
433964,-0.39,0.78,0.59,0,,,
434028,-0.54,0.68,0.49,0,,,
434033,-0.59,0.68,0.49,0,,,
434037,-0.59,0.68,0.49,0,,,
434041,-0.59,0.68,0.49,0,,,
434046,-0.59,0.68,0.49,0,,,
434050,-0.49,0.73,0.54,0,,,
434054,-0.49,0.73,0.54,0,,,
434059,-0.49,0.73,0.54,0,,,
434063,-0.49,0.73,0.54,0,,,
434067,-0.78,0.64,0.64,0,,,
434071,-0.78,0.64,0.64,0,,,
434076,-0.78,0.64,0.64,0,,,
434080,-0.78,0.64,0.64,0,,,
434084,-0.78,0.64,0.49,0,,,
434089,-0.78,0.68,0.49,0,,,
434093,-0.78,0.68,0.49,0,,,
434097,-0.78,0.68,0.49,0,,,
434101,-0.78,0.68,0.49,0,,,
434106,-0.68,0.54,0.49,0,,,
434110,-0.68,0.54,0.49,0,,,
434114,-0.68,0.54,0.49,0,,,
434119,-0.68,0.54,0.49,0,,,
434123,-0.68,0.54,0.54,0,,,
434128,-0.73,0.64,0.54,0,,,
434132,-0.73,0.64,0.54,0,,,
434136,-0.73,0.64,0.54,0,,,
434141,-0.73,0.64,0.54,0,,,
434145,-0.78,0.68,0.64,0,,,
434149,-0.78,0.68,0.64,0,,,
434153,-0.78,0.68,0.64,0,,,
434158,-0.78,0.68,0.64,0,,,
434162,-0.83,0.39,0.73,0,,,
434166,-0.83,0.39,0.73,0,,,
434170,-0.83,0.39,0.73,0,,,
434175,-0.83,0.39,0.73,0,,,
434179,-0.83,0.39,0.73,0,,,
434183,-0.78,0.44,0.64,0,,,
434187,-0.78,0.44,0.64,0,,,
434284,-1.17,-0.05,1.17,0,,,
434288,-1.17,-0.05,1.17,0,,,
434292,-1.17,-0.05,1.17,0,,,
434297,-1.27,-0.34,1.47,0,,,
434301,-1.27,-0.34,1.47,0,,,
434305,-1.27,-0.34,1.47,0,,,
434310,-1.27,-0.34,1.47,0,,,
434314,-1.61,-0.05,1.12,0,,,
434318,-1.61,-0.05,1.12,0,,,
434323,-1.61,-0.05,1.12,0,,,
434327,-1.61,-0.05,1.12,0,,,
434331,-1.61,-0.05,1.32,0,,,
434336,-2.44,-0.2,1.32,0,,,
434340,-2.44,-0.2,1.32,0,,,
434344,-2.44,-0.2,1.32,0,,,
434349,-2.44,-0.2,1.32,0,,,
434353,-2.78,-1.07,1.42,0,,,
434358,-2.78,-1.07,1.42,0,,,
434362,-2.78,-1.07,1.42,0,,,
434366,-2.78,-1.07,1.42,0,,,
434370,-2.78,-1.07,1.56,0,,,
434384,-3.62,-1.07,1.56,0,,,
434388,-3.62,-1.07,1.56,0,,,
434499,-0.24,-4.3,1.56,3601,,,
434504,1.32,-0.24,1.12,3281,,,
434508,0.98,-0.24,1.12,2913,,,
434512,0.98,-0.24,1.12,2341,,,
434517,0.98,-0.24,1.12,1969,,,
434521,0.98,-0.24,1.12,1400,,,
434525,-0.15,0.64,0.78,1021,,,
434530,-0.15,0.64,0.78,832,,,
434534,-0.15,0.64,0.78,1020,,,
434538,-0.15,0.64,0.78,1513,,,
434542,0.93,0.93,1.95,1757,,,
434547,0.93,0.93,1.95,1655,,,
434551,0.93,0.93,1.95,982,,,
434555,0.93,0.93,1.95,670,,,
434559,0.93,0.93,1.61,437,,,
434564,0.29,-0.59,1.61,260,,,
434568,0.29,-0.59,1.61,158,,,
434572,0.29,-0.59,1.61,189,,,
434577,0.29,-0.59,1.61,237,,,
434581,0.49,-0.2,0.2,161,,,
434585,0.49,-0.2,0.2,268,,,
434590,0.49,-0.2,0.2,148,,,
434594,0.49,-0.2,0.2,144,,,
434598,0.49,0.59,0,191,,,
434603,0.49,0.05,0,176,,,
434607,0.49,0.05,0,150,,,
434611,0.49,0.05,0,161,,,
434615,0.49,0.05,0,61,,,
434620,0.54,0.39,0.1,143,,,
434624,0.54,0.39,0.1,31,,,
434628,0.54,0.39,0.1,0,,,
434633,0.54,0.39,0.1,0,,,
434637,0.49,0.64,0.05,0,,,
434641,0.49,0.64,0.05,0,,,
434645,0.49,0.64,0.05,64,,,
434650,0.49,0.64,0.05,112,,,
434654,0.49,0.64,0.05,115,,,
434658,0.64,0.59,0.05,154,,,
434663,0.64,0.59,0.05,116,,,
434667,0.64,0.59,0.05,9,,,
434671,0.64,0.59,0.05,26,,,
434675,0.73,0.54,-0.44,0,,,
434680,0.73,0.54,-0.44,0,,,
434684,0.73,0.54,-0.44,0,,,
434688,0.73,0.54,-0.44,0,,,
434693,0.73,0.54,-0.39,0,,,
434697,0.49,0.68,-0.39,0,,,
434701,0.49,0.68,-0.39,0,,,
434706,0.49,0.68,-0.39,0,,,
434710,0.49,0.68,-0.39,0,,,
434714,0.59,0.49,-0.24,0,,,
434719,0.59,0.49,-0.24,0,,,
434723,0.59,0.49,-0.24,0,,,
434727,0.59,0.49,-0.24,0,,,
434732,0.59,0.88,-0.15,0,,,
434736,0.59,0.88,-0.15,0,,,
434740,0.59,0.88,-0.15,0,,,
434744,0.59,0.88,-0.15,0,,,
434749,0.59,0.88,-0.15,0,,,
434753,0.54,1.03,-0.2,0,,,
434757,0.54,1.03,-0.2,0,,,
434762,0.54,1.03,-0.2,0,,,
434783,0.34,0.93,0,0,,,
434788,0.34,0.15,0,0,,,
434792,0.39,0.73,0,0,,,
434796,0.39,0.73,0,0,,,
434800,0.39,0.73,0,0,,,
434805,0.39,0.73,0,0,,,
434809,0.2,0.73,0.1,0,,,
434813,0.2,0.73,0.1,0,,,
434817,0.2,0.73,0.1,0,,,
434822,0.2,0.73,0.1,0,,,
434826,0.2,1.51,0.1,0,,,
434830,0.2,0.93,0.1,0,,,
434835,0.2,0.93,0.1,0,,,
434839,0.2,0.93,0.1,0,,,
434843,0.2,0.93,0.1,0,,,
434848,-0.05,0.73,0.1,0,,,
434852,-0.05,0.73,0.1,0,,,
434856,-0.05,0.73,0.1,0,,,
434861,-0.05,0.73,0.1,0,,,
434865,-0.15,0.88,0.34,0,,,
434869,-0.15,0.88,0.34,0,,,
434874,-0.15,0.88,0.34,0,,,
434878,-0.15,0.88,0.34,0,,,
434882,-0.15,0.88,0.49,0,,,
434887,-0.15,0.73,0.49,0,,,
434891,-0.15,0.73,0.49,0,,,
434895,-0.15,0.73,0.49,0,,,
434900,-0.15,0.73,0.49,0,,,
434904,-0.05,0.88,0.54,0,,,
434908,-0.05,0.88,0.54,0,,,
434912,-0.05,0.88,0.54,0,,,
434917,-0.05,0.88,0.54,0,,,
434921,-0.05,0.88,0.44,0,,,
434925,-0.15,0.93,0.44,0,,,
434930,-0.15,0.93,0.44,0,,,
434934,-0.15,0.93,0.44,0,,,
434938,-0.15,0.93,1.22,0,,,
434943,-0.1,0.68,0.83,0,,,
434947,-0.1,0.68,0.83,0,,,
434951,-0.1,0.68,0.83,0,,,
434956,-0.1,0.68,0.83,0,,,
434960,-0.15,0.88,0.54,0,,,
434964,-0.15,0.88,0.54,0,,,
434969,-0.15,0.88,0.54,0,,,
434973,-0.15,0.88,0.54,0,,,
434978,-0.15,0.88,0.88,0,,,
434982,-0.2,1.07,0.88,0,,,
434986,-0.2,1.07,0.88,0,,,
434991,-0.2,1.07,0.88,0,,,
434995,-0.2,1.07,0.88,0,,,
434999,-0.34,1.07,0.93,0,,,
435003,-0.34,1.07,0.93,0,,,
435008,-0.34,1.07,0.93,0,,,
435012,-0.34,1.07,0.93,0,,,
435016,-0.34,0.73,0.93,0,,,
435021,-0.1,0.73,0.93,0,,,
435025,-0.1,0.73,0.93,0,,,
435029,-0.1,0.73,0.93,0,,,
435034,-0.1,0.73,0.64,0,,,
435038,-0.1,0.93,0.64,0,,,
435042,-0.1,0.93,0.64,0,,,
435047,-0.1,0.93,0.64,0,,,
435051,-0.1,0.93,0.64,0,,,
435055,-0.24,0.93,0.68,0,,,
435060,-0.24,0.93,0.68,0,,,
435064,-0.24,0.93,0.68,0,,,
435068,-0.24,0.93,0.68,0,,,
435073,-0.24,0.93,0.93,0,,,
435077,-0.1,0.88,0.93,0,,,
435081,-0.1,0.88,0.93,0,,,
435085,-0.1,0.88,0.93,0,,,
435090,-0.1,0.88,0.93,0,,,
435094,-0.2,0.88,1.27,0,,,
435098,-0.2,0.88,1.27,0,,,
435103,-0.2,0.88,1.27,0,,,
435107,-0.2,0.88,1.27,0,,,
435111,-0.2,0.93,1.37,0,,,
435116,-0.05,0.93,1.37,0,,,
435120,-0.05,0.93,1.37,0,,,
435124,-0.05,0.93,1.37,0,,,
435128,-0.05,0.93,1.37,0,,,
435133,-0.1,1.07,0.98,0,,,
435137,-0.1,1.07,0.98,0,,,
435186,-0.15,1.07,1.27,0,,,
435190,-0.29,1.12,1.12,0,,,
435196,-0.29,1.12,1.12,0,,,
435200,-0.29,1.12,1.12,0,,,
435205,-0.29,1.12,1.37,0,,,
435209,-0.24,1.17,1.37,0,,,
435213,-0.24,1.17,1.37,0,,,
435218,-0.24,1.17,1.37,0,,,
435222,-0.24,1.17,1.37,0,,,
435226,-0.54,1.07,1.37,0,,,
435231,-0.54,1.07,1.37,0,,,
435235,-0.54,1.07,1.37,0,,,
435239,-0.54,1.07,1.37,0,,,
435244,-0.54,1.07,1.17,0,,,
435248,-0.24,1.03,1.17,0,,,
435252,-0.24,1.03,1.17,0,,,
435256,-0.24,1.03,1.17,0,,,
435261,-0.24,1.03,1.17,0,,,
435328,-0.54,0.73,1.42,0,,,
435332,-0.54,0.73,1.42,0,,,
435337,-0.54,0.73,1.42,0,,,
435341,-0.49,0.78,1.76,0,,,
435346,-0.49,0.78,1.76,0,,,
435350,-0.49,0.78,1.76,0,,,
435354,-0.49,0.78,1.76,0,,,
435359,-0.49,0.73,1.61,0,,,
435363,-0.49,0.73,1.61,0,,,
435367,-0.49,0.73,1.61,0,,,
435372,-0.49,0.73,1.61,0,,,
435376,-0.49,0.73,1.76,0,,,
435380,-0.44,0.83,1.76,0,,,
435385,-0.44,0.83,1.76,0,,,
435389,-0.44,0.83,1.76,0,,,
435393,-0.44,0.83,1.76,0,,,
435398,-0.29,0.59,1.56,0,,,
435402,-0.29,0.59,1.56,0,,,
435406,-0.29,0.59,1.56,0,,,
435411,-0.29,0.59,1.56,0,,,
435415,-0.29,0.64,1.71,0,,,
435420,-0.44,0.64,1.71,0,,,
435424,-0.44,0.64,1.71,0,,,
435428,-0.44,0.64,1.71,0,,,
435432,-0.44,0.64,1.71,0,,,
435437,-0.39,0.68,2.05,0,,,
435441,-0.39,0.68,2.05,0,,,
435445,-0.39,0.68,2.05,0,,,
435450,-0.39,0.68,2.05,0,,,
435454,-0.29,0.78,2.1,0,,,
435458,-0.29,0.78,2.1,0,,,
435462,-0.29,0.78,2.1,0,,,
435467,-0.29,0.78,2.1,0,,,
435471,-0.29,0.78,2,0,,,
435475,-0.39,0.93,2,0,,,
435480,-0.39,0.93,2,0,,,
435484,-0.39,0.93,2,0,,,
435488,-0.39,0.93,2,0,,,
435495,-0.29,0.88,2,0,,,
435499,-0.29,0.88,2,0,,,
435503,-0.29,0.88,2,0,,,
435516,-0.44,0.98,1.81,0,,,
435520,-0.44,0.98,1.81,0,,,
435524,-0.44,0.98,1.81,0,,,
435591,-0.15,0.98,1.95,0,,,
435595,-0.15,0.98,1.95,0,,,
435600,-0.15,0.98,1.95,0,,,
435604,-0.15,0.98,1.86,0,,,
435609,-0.2,1.12,1.86,0,,,
435613,-0.2,1.12,1.86,0,,,
435617,-0.2,1.12,1.86,0,,,
435622,-0.2,1.12,1.86,0,,,
435626,-0.1,0.98,1.61,0,,,
435630,-0.1,0.98,1.61,0,,,
435635,-0.1,0.98,1.61,0,,,
435639,-0.1,0.98,1.61,0,,,
435643,-0.15,1.27,1.66,0,,,
435648,-0.15,1.27,1.66,0,,,
435652,-0.15,1.27,1.66,0,,,
435656,-0.15,1.27,1.66,0,,,
435661,-0.15,1.27,1.61,0,,,
435665,-0.29,0.98,1.61,0,,,
435669,-0.29,0.98,1.61,0,,,
435674,-0.29,0.98,1.61,0,,,
435678,-0.29,0.98,1.61,0,,,
435682,-0.24,0.98,1.86,0,,,
435687,-0.24,0.98,1.86,0,,,
435691,-0.24,0.98,1.86,0,,,
